-- phpMyAdmin SQL Dump
-- version 4.9.5
-- https://www.phpmyadmin.net/
--
-- Host: localhost:3307
-- Generation Time: Jun 03, 2021 at 01:00 PM
-- Server version: 5.7.24
-- PHP Version: 7.4.1

SET SQL_MODE = "NO_AUTO_VALUE_ON_ZERO";
SET AUTOCOMMIT = 0;
START TRANSACTION;
SET time_zone = "+00:00";


/*!40101 SET @OLD_CHARACTER_SET_CLIENT=@@CHARACTER_SET_CLIENT */;
/*!40101 SET @OLD_CHARACTER_SET_RESULTS=@@CHARACTER_SET_RESULTS */;
/*!40101 SET @OLD_COLLATION_CONNECTION=@@COLLATION_CONNECTION */;
/*!40101 SET NAMES utf8mb4 */;

--
-- Database: `agr_machines`
--

-- --------------------------------------------------------

--
-- Table structure for table `attribute_list`
--

CREATE TABLE `attribute_list` (
  `id_attribute` int(11) NOT NULL,
  `attribute_name` varchar(50) NOT NULL
) ENGINE=InnoDB DEFAULT CHARSET=utf8;

--
-- Dumping data for table `attribute_list`
--

INSERT INTO `attribute_list` (`id_attribute`, `attribute_name`) VALUES
(32, 'Блокировка дифференциала'),
(37, 'Вес'),
(18, 'Вес навесного оборудования'),
(58, 'Виды работ'),
(65, 'ВОМ'),
(64, 'Вращение'),
(48, 'Высота'),
(61, 'Высота среза'),
(9, 'Габаритные размеры'),
(17, 'Габариты'),
(44, 'Гарантия'),
(33, 'Гидравлический распределитель'),
(8, 'Гидроусилитель руля (ГУР)'),
(54, 'Глубина копания'),
(47, 'Глубина обработки'),
(59, 'Глубина посадки'),
(7, 'Датчики на приборной панели'),
(49, 'Длина'),
(21, 'Дорожный просвет'),
(56, 'Емкость бункера'),
(41, 'Емкость топливного бака'),
(74, 'Запуск'),
(40, 'Запуск двигателя'),
(26, 'Звуковой сигнал'),
(29, 'Кабина с отоплением'),
(75, 'Колеса'),
(23, 'Колесная формула'),
(10, 'Колея'),
(14, 'Количество дополнительных гидровыходов'),
(27, 'Количество контуров гидрораспределителя'),
(55, 'Количество корпусов'),
(63, 'Количество ножей'),
(12, 'Количество передач'),
(68, 'Количество скоростей'),
(39, 'Количество цилиндров'),
(42, 'Конструкционный вес'),
(3, 'Конструкционный вес без навесного оборудования'),
(76, 'Максимальная скорость'),
(45, 'Марка двигателя'),
(50, 'Масса'),
(57, 'Междурядье'),
(15, 'Минимальный радиус разворота'),
(1, 'Модель двигателя'),
(20, 'Мощность'),
(46, 'Мощность трактора'),
(28, 'Наличие кабины'),
(16, 'Наличие компрессора'),
(35, 'Наличие сцепного устройства для прицепа'),
(36, 'Наличие утяжелителей в стандартной комплектации'),
(80, 'Объем'),
(78, 'Отбор мощности'),
(34, 'Приборная панель'),
(11, 'Привод от двигателя'),
(51, 'Производительность'),
(66, 'Просвет'),
(60, 'Рабочая скорость'),
(70, 'Рабочая ширина'),
(2, 'Размер задних колес'),
(22, 'Размер передних колес'),
(67, 'Расход топлива'),
(38, 'Регулировка'),
(43, 'Система охлаждения'),
(6, 'Система света'),
(19, 'Способ агрегатирования'),
(81, 'Сцепление'),
(25, 'Тип гидравлического распределителя'),
(4, 'Тип двигателя'),
(13, 'Тип задней навесной системы'),
(30, 'Тип и скорость ВОМ'),
(31, 'Тип коробки передач'),
(77, 'Тип привода'),
(5, 'Тип сцепления'),
(24, 'Тип тормозной системы'),
(62, 'Тип установки'),
(79, 'Установка навесного'),
(71, 'Частота вращения ВОМ'),
(52, 'Ширина'),
(53, 'Ширина захвата');

-- --------------------------------------------------------

--
-- Table structure for table `categories`
--

CREATE TABLE `categories` (
  `id_category` int(11) NOT NULL,
  `category_name` varchar(30) NOT NULL
) ENGINE=InnoDB DEFAULT CHARSET=utf8;

--
-- Dumping data for table `categories`
--

INSERT INTO `categories` (`id_category`, `category_name`) VALUES
(4, 'запчасти'),
(1, 'минитракторы'),
(2, 'мотоблоки'),
(3, 'навесное оборудование');

-- --------------------------------------------------------

--
-- Table structure for table `colors`
--

CREATE TABLE `colors` (
  `id_color` int(11) NOT NULL,
  `color_name` varchar(100) NOT NULL,
  `color_code` varchar(7) NOT NULL
) ENGINE=InnoDB DEFAULT CHARSET=utf8;

--
-- Dumping data for table `colors`
--

INSERT INTO `colors` (`id_color`, `color_name`, `color_code`) VALUES
(1, 'Абрикосовый', '#FBCEB0'),
(2, 'Абрикосовый Крайола', '#FDD9B4'),
(3, 'Агатовый серый', '#B5B8B0'),
(4, 'Аквамариновый', '#7FFFD3'),
(5, 'Аквамариновый Крайола', '#78DBE1'),
(6, 'Ализариновый красный', '#E32635'),
(7, 'Алый', '#FF2399'),
(8, 'Амарантово-пурпурный', '#AB274F'),
(9, 'Амарантово-розовый', '#F19CBB'),
(10, 'Амарантовый', '#E52B49'),
(11, 'Амарантовый глубоко-пурпурный', '#9F2B67'),
(12, 'Амарантовый маджента', '#ED3CCA'),
(13, 'Амарантовый светло-вишневый', '#CD2681'),
(14, 'Американский розовый', '#FF033E'),
(15, 'Аметистовый', '#9966CC'),
(16, 'Античная латунь', '#CD9574'),
(17, 'Антрацитово-серый', '#293133'),
(18, 'Антрацитовый', '#464451'),
(19, 'Арлекин', '#44944A'),
(20, 'Аспидно-серый', '#2F4F4F'),
(21, 'Аспидно-синий', '#6A5ACD'),
(22, 'Бабушкины яблоки', '#A8E4A1'),
(23, 'Базальтово-серый', '#4E5753'),
(24, 'Баклажанный Крайола', '#614051'),
(25, 'Баклажановый', '#990066'),
(26, 'Баклажановый Крайола', '#6E5159'),
(27, 'Бананомания', '#FAE7B4'),
(28, 'Барвинок, перванш', '#CCCCFF'),
(29, 'Барвинок Крайола', '#C5D0E5'),
(30, 'Бедра испуганной нимфы', '#FAEEDD'),
(31, 'Бежево-коричневый', '#79553D'),
(32, 'Бежево-красный', '#C1876B'),
(33, 'Бежево-серый', '#6D6551'),
(34, 'Бежевый', '#F5F5DC'),
(35, 'Бело-алюминиевый', '#A5A5A4'),
(36, 'Бело-зеленый', '#BDECB6'),
(37, 'Белоснежный', '#FFFAFA'),
(38, 'Белый', '#FFFFFF'),
(39, 'Белый антик', '#FAEBD7'),
(40, 'Белый навахо', '#FFDEAD'),
(41, 'Берлинская лазурь', '#003153'),
(42, 'Бирюзово-голубой Крайола', '#77DDE7'),
(43, 'Бирюзово-зеленый', '#1E5945'),
(44, 'Бирюзово-синий', '#3F888F'),
(45, 'Бирюзовый', '#30D5C8'),
(46, 'Бисквитный', '#FFE4C4'),
(47, 'Бисмарк-фуриозо', '#A5260A'),
(48, 'Бистр', '#3D2B1F'),
(49, 'Бледно-васильковый', '#ABCDEF'),
(50, 'Бледно-желтый', '#FFDB8B'),
(51, 'Бледно-зелено-серый', '#8D917A'),
(52, 'Бледно-зеленый', '#89AC76'),
(53, 'Бледно-золотистый', '#EEE8AA'),
(54, 'Бледно-карминный', '#B03F35'),
(55, 'Бледно-каштановый', '#DDADAF'),
(56, 'Бледно-коричневый', '#755C48'),
(57, 'Бледно-песочный', '#DABDAB'),
(58, 'Бледно-пурпурный', '#F984E5'),
(59, 'Бледно-розоватый', '#FFCBDB'),
(60, 'Бледно-розовый', '#FADADD'),
(61, 'Бледно-синий', '#AFEEEE'),
(62, 'Бледно-фиолетовый', '#957B8D'),
(63, 'Бледный весенний бутон', '#ECEBBD'),
(64, 'Бледный желто-зеленый', '#F0D698'),
(65, 'Бледный желто-розовый', '#FFC8A8'),
(66, 'Бледный зеленовато-желтый', '#FFDF84'),
(67, 'Бледный зеленый', '#98FB98'),
(68, 'Бледный красно-пурпурный', '#AC7580'),
(69, 'Бледный оранжево-желтый', '#FFCA86'),
(70, 'Бледный пурпурно-розовый', '#FDBDBA'),
(71, 'Бледный пурпурно-синий', '#8A7F8E'),
(72, 'Бледный серо-коричневый', '#BC987E'),
(73, 'Бледный синий', '#919192'),
(74, 'Бледный фиолетово-красный', '#D87093'),
(75, 'Блестящий желто-зеленый', '#CED23A'),
(76, 'Блестящий желтовато-зеленый', '#8CCB5E'),
(77, 'Блестящий желтый', '#FFCF40'),
(78, 'Блестящий зеленовато-желтый', '#FFDC33'),
(79, 'Блестящий зеленовато-синий', '#2A8D9C'),
(80, 'Блестящий зеленый', '#47A76A'),
(81, 'Блестящий оранжевый', '#FFB841'),
(82, 'Блестящий пурпурно-розовый', '#FF97BB'),
(83, 'Блестящий пурпурно-синий', '#62639B'),
(84, 'Блестящий пурпурный', '#DD80CC'),
(85, 'Блестящий синевато-зеленый', '#009B76'),
(86, 'Блестящий синий', '#4285B4'),
(87, 'Блестящий фиолетовый', '#755D9A'),
(88, 'Блошиный (Красновато-коричневый)', '#755A57'),
(89, 'Бобровый', '#9F8170'),
(90, 'Болгарский розовый', '#480607'),
(91, 'Болотный', '#ACB78E'),
(92, 'Бордо (Красно-бордовый)', '#B00000'),
(93, 'Бордово-фиолетовый', '#641C34'),
(94, 'Бордовый', '#9B2D30'),
(95, 'Бороды Абдель-Керима', '#D5D5D5'),
(96, 'Брезентово-серый', '#4C514A'),
(97, 'Бриллиантово-синий', '#3E5F8A'),
(98, 'Бриллиантовый оранжево-желтый', '#FFB02E'),
(99, 'Бронзовый', '#CD7F32'),
(100, 'Бургундский', '#900020'),
(101, 'Бурый', '#45161C'),
(102, 'Бутылочно-зеленый', '#343B29'),
(103, 'Ванильный', '#D5713F'),
(104, 'Васильковый', '#6495ED'),
(105, 'Васильковый Крайола', '#9ACEEB'),
(106, 'Вердепешевый', '#DAD871'),
(107, 'Вердепомовый', '#34C924'),
(108, 'Вересково-фиолетовый', '#DE4C8A'),
(109, 'Весенне-зеленый (Зеленая весна)', '#00FF7F'),
(110, 'Весенне-зеленый Крайола', '#ECEABE'),
(111, 'Весенний бутон', '#A7FC00'),
(112, 'Византийский', '#BD33A4'),
(113, 'Византия', '#702963'),
(114, 'Винно-красный', '#5E2129'),
(115, 'Винтовочный зеленый', '#414833'),
(116, 'Вишневый (Вишня)', '#911E42'),
(117, 'В меру оливково-коричневый', '#64400F'),
(118, 'Водная синь', '#256D7B'),
(119, 'Воды пляжа Бонди', '#0095B6'),
(120, 'Восход солнца', '#FFCF48'),
(121, 'Галечный серый', '#B8B799'),
(122, 'Гейнсборо', '#DCDCDC'),
(123, 'Гелиотроп (Гелиотроповый)', '#DF73FF'),
(124, 'Георгиново-желтый', '#F3A505'),
(125, 'Глиняный коричневый', '#734222'),
(126, 'Глициния (Глициниевый)', '#C9A0DC'),
(127, 'Глициния Крайола', '#CDA4DE'),
(128, 'Глубокая фуксия Крайола', '#C154C1'),
(129, 'Глубокий желто-коричневый', '#593315'),
(130, 'Глубокий желто-розовый', '#F64A46'),
(131, 'Глубокий желтовато-зеленый', '#00541F'),
(132, 'Глубокий желтый', '#B57900'),
(133, 'Глубокий желтый зеленый', '#425E17'),
(134, 'Глубокий зеленовато-желтый', '#9F8200'),
(135, 'Глубокий зеленый', '#004524'),
(136, 'Глубокий карминно-розовый', '#EF3038'),
(137, 'Глубокий карминный', '#A9203E'),
(138, 'Глубокий коралловый', '#FF4040'),
(139, 'Глубокий коричневый', '#4D220E'),
(140, 'Глубокий красно-коричневый', '#490005'),
(141, 'Глубокий красно-оранжевый', '#A91D11'),
(142, 'Глубокий красно-пурпурный', '#641349'),
(143, 'Глубокий красный', '#7B001C'),
(144, 'Глубокий оливково-зеленый', '#142300'),
(145, 'Глубокий оранжево-желтый', '#D76E00'),
(146, 'Глубокий оранжевый', '#C34D0A'),
(147, 'Глубокий пурпурно-красный', '#6F0035'),
(148, 'Глубокий пурпурно-розовый', '#EB5284'),
(149, 'Глубокий пурпурно-синий', '#1A153F'),
(150, 'Глубокий пурпурный', '#531A50'),
(151, 'Глубокий розовый', '#FF1493'),
(152, 'Глубокий синевато-зеленый', '#00382B'),
(153, 'Глубокий синий', '#002F55'),
(154, 'Глубокий фиолетово-черный', '#240935'),
(155, 'Глубокий фиолетовый', '#423189'),
(156, 'Голубино-синий', '#606E8C'),
(157, 'Голубой', '#42AAFF'),
(158, 'Голубой (Морозное небо)', '#00BFFF'),
(159, 'Голубой колокольчик Крайола', '#A2A2D0'),
(160, 'Голубой Крайола', '#80DAEB'),
(161, 'Горечавково-синий', '#0E294B'),
(162, 'Горный луг', '#30BA8F'),
(163, 'Городское небо (Пасмурно-небесный)', '#87CEEB'),
(164, 'Горчичный', '#FFDB58'),
(165, 'Горько-сладкий', '#FD7C6E'),
(166, 'Гранатовый', '#F34723'),
(167, 'Гранитовый серый (Гранитный)', '#2F353B'),
(168, 'Графитно-черный', '#1C1C1C'),
(169, 'Графитовый серый', '#474A51'),
(170, 'Гридеперлевый', '#C7D0CC'),
(171, 'Грузинский розовый', '#D71868'),
(172, 'Грушево-зеленый', '#D1E231'),
(173, 'Грушевый', '#EFD334'),
(174, 'Гуммигут', '#E49B0F'),
(175, 'Гусеница', '#B2EC5D'),
(176, 'Дартмутский зеленый', '#00693E'),
(177, 'Джазовый джем', '#CA3767'),
(178, 'Джинсовый синий', '#1560BD'),
(179, 'Дикая клубника Крайола', '#FF43A4'),
(180, 'Дикий арбуз Крайола', '#FC6C85'),
(181, 'Дикий синий Крайола', '#A2ADD0'),
(182, 'Дымчато-белый', '#F5F5F5'),
(183, 'Дынно-желтый', '#F4A900'),
(184, 'Дыня Крайола', '#FDBCB4'),
(185, 'Железно-серый', '#434B4D'),
(186, 'Желтая сера', '#EDFF21'),
(187, 'Желтая слоновая кость', '#E1CC4F'),
(188, 'Желто-зеленый', '#9ACD32'),
(189, 'Желто-зеленый Крайола', '#C5E384'),
(190, 'Желто-золотой', '#CDA434'),
(191, 'Желто-оливковый', '#47402E'),
(192, 'Желто-оранжевый', '#ED760E'),
(193, 'Желто-оранжевый Крайола', '#FFAE42'),
(194, 'Желто-персиковый', '#FADFAD'),
(195, 'Желто-розовый', '#FFE4B2'),
(196, 'Желто-серый', '#8F8B66'),
(197, 'Желтовато-белый', '#FFE2B7'),
(198, 'Желтовато-серый', '#CAA885'),
(199, 'Желтый', '#FFFF00'),
(200, 'Желтый карри', '#9D9101'),
(201, 'Желтый Крайола', '#FCE883'),
(202, 'Желтый ракитник', '#D6AE01'),
(203, 'Жемчужно-белый', '#EAE6CA'),
(204, 'Жженый апельсин (Выгоревший оранжевый)', '#CC5500'),
(205, 'Жимолость', '#CB6586'),
(206, 'Защитно-синий', '#1E90FF'),
(207, 'Защитный хаки (Камуфляжный)', '#78866B'),
(208, 'Звезды в шоке', '#FF47CA'),
(209, 'Зеленая лужайка', '#7CFC00'),
(210, 'Зеленая сосна', '#01796F'),
(211, 'Зеленая сосна Крайола', '#158078'),
(212, 'Зелено-бежевый', '#BEBD7F'),
(213, 'Зелено-желтый', '#ADFF2F'),
(214, 'Зелено-желтый Крайола', '#F0E891'),
(215, 'Зелено-коричневый', '#826C34'),
(216, 'Зелено-лаймовый', '#BFFF00'),
(217, 'Зелено-серый', '#4D5645'),
(218, 'Зелено-синий', '#1F3438'),
(219, 'Зелено-синий Крайола', '#1164B4'),
(220, 'Зеленовато-белый', '#F5E6CB'),
(221, 'Зеленовато-серый', '#7A7666'),
(222, 'Зеленовато-черный', '#181513'),
(223, 'Зеленоватый мокрый асфальт', '#4E5452'),
(224, 'Зеленое море', '#2E8B57'),
(225, 'Зеленые джунгли Крайола', '#3BB08F'),
(226, 'Зеленые джунгли Крайола 90-го года', '#29AB87'),
(227, 'Зеленый', '#008000'),
(228, 'Зеленый Крайола', '#1CAC78'),
(229, 'Зеленый лишайник, мох (Цвет зеленого мха)', '#ADDFAD'),
(230, 'Зеленый Мичиганского университета', '#006633'),
(231, 'Зеленый мох', '#2F4538'),
(232, 'Зеленый орел', '#004953'),
(233, 'Зеленый папоротник', '#4F7942'),
(234, 'Зеленый трилистник', '#009A63'),
(235, 'Зеленый чай', '#D0F0C0'),
(236, 'Золотарник Крайола', '#FCD975'),
(237, 'Золотисто-березовый', '#DAA520'),
(238, 'Золотисто-каштановый', '#712F26'),
(239, 'Золотой (Золотистый)', '#FFD700'),
(240, 'Золотой Крайола', '#E7C697'),
(241, 'Ивово-коричневый', '#321414'),
(242, 'Известковая глина', '#79443B'),
(243, 'Изумруд', '#009B77'),
(244, 'Изумрудно-зеленый', '#287233'),
(245, 'Изумрудный', '#50C878'),
(246, 'Индиго', '#4B0082'),
(247, 'Индиго Крайола', '#5D76CB'),
(248, 'Индийский зеленый', '#138808'),
(249, 'Индийский красный, каштановый', '#CD5C5C'),
(250, 'Ирландский зеленый', '#4CBB17'),
(251, 'Июньский бутон', '#BDDA57'),
(252, 'Кадетский синий', '#5F9EA0'),
(253, 'Кадетский синий Крайола', '#B0B7C6'),
(254, 'Камелопардовый', '#A25F2A'),
(255, 'Каменно-серый', '#8B8C7A'),
(256, 'Канареечный (Ярко-желтый)', '#FFFF99'),
(257, 'Капри синий', '#1B5583'),
(258, 'Кардинал', '#C41E3A'),
(259, 'Карибский зеленый', '#1CD3A2'),
(260, 'Кармин', '#960018'),
(261, 'Карминно-красный', '#A2231D'),
(262, 'Карминно-розовый', '#EB4C42'),
(263, 'Карминово-красный', '#FF0033'),
(264, 'Каштаново-коричневый', '#633A34'),
(265, 'Каштановый Крайола', '#BC5D58'),
(266, 'Кварцевый', '#99958C'),
(267, 'Кварцевый серый', '#6C6960'),
(268, 'Киноварь', '#FF4D00'),
(269, 'Кирпично-красный', '#CB4154'),
(270, 'Кирпичный', '#884535'),
(271, 'Китайский красный (Киноварь)', '#E34234'),
(272, 'Кленовый зеленый', '#507D2A'),
(273, 'Клубнично-красный', '#D53032'),
(274, 'Кобальтово-синий', '#1E213D'),
(275, 'Кобальт синий (Кобальтовый)', '#0047AB'),
(276, 'Кожа буйвола (Палевый)', '#F0DC82'),
(277, 'Кожура апельсина', '#FFA000'),
(278, 'Кораллово-красный', '#B32821'),
(279, 'Коралловый', '#FF7F50'),
(280, 'Кордованский', '#893F45'),
(281, 'Коричневато-оранжевый', '#B15124'),
(282, 'Коричневато-розовый', '#CD9A7B'),
(283, 'Коричневато-серый', '#503D33'),
(284, 'Коричневато-черный', '#140F0B'),
(285, 'Коричнево-бежевый', '#8A6642'),
(286, 'Коричнево-бордовый', '#A52A2A'),
(287, 'Коричнево-желтый цвета увядших листьев', '#C19A6B'),
(288, 'Коричнево-зеленый', '#39352A'),
(289, 'Коричнево-красный', '#781F19'),
(290, 'Коричнево-малиновый', '#800000'),
(291, 'Коричнево-малиновый Крайола', '#C8385A'),
(292, 'Коричнево-оливковый', '#25221B'),
(293, 'Коричневый', '#964B00'),
(294, 'Коричневый Крайола', '#B4674D'),
(295, 'Коричневый серый', '#464531'),
(296, 'Коричневый цвета кожанного седла для лошади', '#8B4513'),
(297, 'Коричный', '#7B3F00'),
(298, 'Королевская фуксия', '#CA2C92'),
(299, 'Королевский пурпурный Крайола', '#7851A9'),
(300, 'Королевский синий', '#4169E1'),
(301, 'Космические сливки', '#FFF8E7'),
(302, 'Космос', '#414A4C'),
(303, 'Кофейный', '#442D25'),
(304, 'Крайоловый Абрикос', '#FDD5B1'),
(305, 'Красно-буро-оранжевый', '#CD5700'),
(306, 'Красно-желто-коричневый', '#80461B'),
(307, 'Красно-коричневый', '#592321'),
(308, 'Красно-оранжевый', '#C93C20'),
(309, 'Красно-оранжевый Крайола', '#FF5349'),
(310, 'Красно-сиреневый', '#6D3F5B'),
(311, 'Красно-фиолетовый', '#922B3E'),
(312, 'Красно-фиолетовый Крайола', '#C0448F'),
(313, 'Красновато-серый', '#8B6C62'),
(314, 'Красновато-черный', '#1E1112'),
(315, 'Красное дерево', '#C04000'),
(316, 'Красное дерево Крайола', '#CD4A4C'),
(317, 'Красный', '#FF0000'),
(318, 'Красный Крайола', '#EE204D'),
(319, 'Красный песок', '#F4A460'),
(320, 'Кремово-желтый', '#FFFDD0'),
(321, 'Кремовый', '#FDF4E3'),
(322, 'Кремовый хаки', '#C3B091'),
(323, 'Кричащий зеленый', '#76FF7A'),
(324, 'Крутой розовый Крайола', '#FB607F'),
(325, 'Кукурузно-желтый', '#E4A010'),
(326, 'Кукурузный', '#FBEC5D'),
(327, 'Лаванда (Лавандовый)', '#E6E6FA'),
(328, 'Лавандовый Крайола', '#FCB4D5'),
(329, 'Лавандовый розовый', '#FBA0E3'),
(330, 'Лазерный лимон', '#FEFE22'),
(331, 'Лазурно-серый (Зеленовато-синий)', '#007BA7'),
(332, 'Лазурно-синий', '#025669'),
(333, 'Лазурный, Азур', '#007FFF'),
(334, 'Лазурный Крайола', '#1DACD6'),
(335, 'Лайм', '#00FF00'),
(336, 'Лаймово-зеленый', '#32CD32'),
(337, 'Ламантин', '#979AAA'),
(338, 'Латунный', '#B5A642'),
(339, 'Лесной волк', '#DBD7D2'),
(340, 'Лесной зеленый', '#228B22'),
(341, 'Ливерный', '#534B4F'),
(342, 'Лиловый', '#DB7093'),
(343, 'Лимонно-желтый', '#C7B446'),
(344, 'Лимонно-желтый Крайола', '#FFF44F'),
(345, 'Лимонно-кремовый', '#FFFACD'),
(346, 'Лимонный', '#FDE910'),
(347, 'Лиственно-зеленый', '#2D572C'),
(348, 'Лиственный зеленый Крайола', '#6DAE81'),
(349, 'Лососево-красный', '#D95030'),
(350, 'Лососево-оранжевый', '#E55137'),
(351, 'Лососевый', '#FF8C69'),
(352, 'Лососевый Крайола', '#FF9BAA'),
(353, 'Льняной', '#FAF0E6'),
(354, 'Люминесцентный красный', '#F80000'),
(355, 'Люминесцентный ярко-оранжевый', '#FFA420'),
(356, 'Лягушка в обмороке', '#7B917B'),
(357, 'Магическая мята', '#AAF0D1'),
(358, 'Магнолия', '#F8F4FF'),
(359, 'Маджента, Фуксия (Пурпурный)', '#FF00FF'),
(360, 'Маджента Крайола', '#F664AF'),
(361, 'Маисовый', '#EDD19C'),
(362, 'Майский зеленый', '#4C9141'),
(363, 'Макароны и сыр', '#FFBD88'),
(364, 'Малахитовый', '#0BDA51'),
(365, 'Малиново-красный', '#C51D34'),
(366, 'Малиново-розовый', '#B3446C'),
(367, 'Малиновый', '#DC143C'),
(368, 'Мальва (Розовато-лиловый)', '#993366'),
(369, 'Манго-танго', '#FF8243'),
(370, 'Мандариновое танго', '#E1523D'),
(371, 'Мандариновый', '#FF8800'),
(372, 'Маренго', '#4C5866'),
(373, 'Марсала', '#AD655F'),
(374, 'Махагон коричневый', '#4C2F27'),
(375, 'Медно-коричневый', '#8E402A'),
(376, 'Медно-розовый (Бледный розовато-лиловый)', '#996666'),
(377, 'Медный', '#B87333'),
(378, 'Медный Крайола', '#DD9475'),
(379, 'Медовая роса', '#F0FFF0'),
(380, 'Медово-желтый', '#A98307'),
(381, 'Медовый', '#FEE5AC'),
(382, 'Международный оранжевый (Сигнальный)', '#FF4F00'),
(383, 'Мертвенный индиго', '#00416A'),
(384, 'Миндаль Крайола', '#EFDECD'),
(385, 'Миртовый', '#21421E'),
(386, 'Мовеин (Анилиновый пурпур)', '#EF0097'),
(387, 'Модная фуксия', '#F400A1'),
(388, 'Мокасиновый', '#FFE4B5'),
(389, 'Мокрый тропический лес', '#17806D'),
(390, 'Морковный', '#F36223'),
(391, 'Морской зеленый', '#54FF9F'),
(392, 'Морской зеленый Крайола', '#9FE2BF'),
(393, 'Мурена', '#1C6B72'),
(394, 'Мусульманский зеленый', '#009900'),
(395, 'Мышино-серый', '#646B63'),
(396, 'Мята (Цвет зеленой мяты)', '#98FF98'),
(397, 'Мятно-бирюзовый', '#497E76'),
(398, 'Мятно-зеленый', '#20603D'),
(399, 'Мятно-кремовый', '#F5FFFA'),
(400, 'Мятный', '#3EB489'),
(401, 'Нарциссово-желтый', '#DC9D00'),
(402, 'Насыщенный желто-зеленый', '#7F8F18'),
(403, 'Насыщенный желто-коричневый', '#95500C'),
(404, 'Насыщенный желто-розовый', '#FF7A5C'),
(405, 'Насыщенный желтовато-зеленый', '#478430'),
(406, 'Насыщенный желтый', '#E59E1F'),
(407, 'Насыщенный зеленовато-желтый', '#CCA817'),
(408, 'Насыщенный зеленовато-синий', '#00677E'),
(409, 'Насыщенный зеленый', '#006B3C'),
(410, 'Насыщенный коричневый', '#753313'),
(411, 'Насыщенный красно-коричневый', '#7F180D'),
(412, 'Насыщенный красно-оранжевый', '#FFB961'),
(413, 'Насыщенный красно-пурпурный', '#9A366B'),
(414, 'Насыщенный красный', '#BF2233'),
(415, 'Насыщенный оливково-зеленый', '#0A4500'),
(416, 'Насыщенный оранжево-желтый', '#FF8E0D'),
(417, 'Насыщенный оранжевый', '#EC7C26'),
(418, 'Насыщенный пурпурно-красный', '#B32851'),
(419, 'Насыщенный пурпурно-розовый', '#F6768E'),
(420, 'Насыщенный пурпурно-синий', '#474389'),
(421, 'Насыщенный розовый', '#FD7B7C'),
(422, 'Насыщенный синевато-зеленый', '#006D5B'),
(423, 'Насыщенный синий', '#00538A'),
(424, 'Насыщенный фиолетовый', '#53377A'),
(425, 'Натуральная умбра', '#734A12'),
(426, 'Небесная лазурь', '#F0FFFF'),
(427, 'Небесно-синий', '#2271B3'),
(428, 'Небесный', '#7FC7FF'),
(429, 'Нежно-оливковый', '#6B8E23'),
(430, 'Незрелый желтый', '#FFFF66'),
(431, 'Неоново-морковный', '#FFA343'),
(432, 'Нефритовый', '#00A86B'),
(433, 'Ниагара', '#9DB1CC'),
(434, 'Ночной синий', '#252850'),
(435, 'Обычный весенний бутон', '#C9DC87'),
(436, 'Огненная сиенна Крайола', '#EA7E5D'),
(437, 'Огненно-красный', '#AF2B1E'),
(438, 'Огненный оранжевый', '#FF7F49'),
(439, 'Одуванчиковый', '#FDDB6D'),
(440, 'Океанская синь', '#1D334A'),
(441, 'Оксид красный', '#642424'),
(442, 'Олень коричневый', '#59351F'),
(443, 'Оливково-желтый', '#999950'),
(444, 'Оливково-зеленый', '#424632'),
(445, 'Оливково-зеленый Крайола', '#BAB86C'),
(446, 'Оливково-коричневый', '#6F4F28'),
(447, 'Оливково-черный', '#121910'),
(448, 'Оливковый', '#808000'),
(449, 'Оливковый серый', '#4D4234'),
(450, 'Опаловый зеленый', '#015D52'),
(451, 'Оперный розовато-лиловый', '#B784A7'),
(452, 'Оранжевая заря', '#FD5E53'),
(453, 'Оранжево-желтый Крайола', '#F8D568'),
(454, 'Оранжево-коричневый', '#A65E2E'),
(455, 'Оранжево-красный Крайола', '#FF2B2B'),
(456, 'Оранжево-персиковый', '#FFCC99'),
(457, 'Оранжево-розовый', '#FF9966'),
(458, 'Оранжевый', '#FFA500'),
(459, 'Оранжевый Крайола', '#FF7538'),
(460, 'Орехово-коричневый', '#5B3A29'),
(461, 'Ориент красный', '#B32428'),
(462, 'Орхидея', '#DA70D6'),
(463, 'Орхидея Крайола', '#E6A8D7'),
(464, 'Отборный желтый', '#FFBA00'),
(465, 'Отдаленно-синий', '#49678D'),
(466, 'Охотничий зеленый', '#355E3B'),
(467, 'Охра', '#CC7722'),
(468, 'Охра желтая', '#AEA04B'),
(469, 'Охра коричневая', '#955F20'),
(470, 'Очень бледно-пурпурный', '#E6BBC1'),
(471, 'Очень бледный зеленый', '#D8DEBA'),
(472, 'Очень бледный пурпурно-синий', '#CBBAC5'),
(473, 'Очень бледный синий', '#C1CACA'),
(474, 'Очень бледный фиолетовый', '#D8B1BF'),
(475, 'Очень глубокий желто-зеленый', '#002800'),
(476, 'Очень глубокий красно-пурпурный', '#470736'),
(477, 'Очень глубокий красный', '#4F0014'),
(478, 'Очень глубокий пурпурно-красный', '#470027'),
(479, 'Очень глубокий пурпурный', '#320B35'),
(480, 'Очень светло-пурпурный', '#E3A9BE'),
(481, 'Очень светлый желто-зеленый', '#C6DF90'),
(482, 'Очень светлый зеленовато-синий', '#A3C6C0'),
(483, 'Очень светлый зеленый', '#98C793'),
(484, 'Очень светлый пурпурно-синий', '#BAACC7'),
(485, 'Очень светлый синевато-зеленый', '#A0D6B4'),
(486, 'Очень светлый синий', '#A6BDD7'),
(487, 'Очень светлый фиолетовый', '#EEBEF1'),
(488, 'Очень темно-пурпурный', '#230D21'),
(489, 'Очень темный алый', '#560319'),
(490, 'Очень темный желто-зеленый', '#132712'),
(491, 'Очень темный зеленовато-синий', '#022027'),
(492, 'Очень темный зеленый', '#16251C'),
(493, 'Очень темный красно-пурпурный', '#270A1F'),
(494, 'Очень темный красный', '#320A18'),
(495, 'Очень темный оливковый', '#362C12'),
(496, 'Очень темный пурпурно-красный', '#28071A'),
(497, 'Очень темный синевато-зеленый', '#001D18'),
(498, 'Очень темный хаки', '#4C3C18'),
(499, 'Очищенный миндаль', '#FFEBCD'),
(500, 'Панг', '#C7FCEC'),
(501, 'Папоротник Крайола', '#71BC78'),
(502, 'Папоротниково-зеленый', '#3D642D'),
(503, 'Пастельно-бирюзовый', '#7FB5B5'),
(504, 'Пастельно-желтый', '#EFA94A'),
(505, 'Пастельно-зеленый', '#77DD77'),
(506, 'Пастельно-оранжевый', '#FF7514'),
(507, 'Пастельно-розовый', '#FFD1DC'),
(508, 'Пастельно-синий', '#5D9B9B'),
(509, 'Пастельно-фиолетовый', '#A18594'),
(510, 'Патиново-зеленый', '#316650'),
(511, 'Перекати-поле', '#DEAA88'),
(512, 'Перламутрово-бежевый', '#6A5D4D'),
(513, 'Перламутрово-ежевичный', '#6C6874'),
(514, 'Перламутрово-зеленый', '#1C542D'),
(515, 'Перламутрово-золотой', '#705335'),
(516, 'Перламутрово-оранжевый', '#C35831'),
(517, 'Перламутрово-розовый', '#B44C43'),
(518, 'Перламутрово-рубиновый', '#721422'),
(519, 'Перламутрово-фиолетовый', '#8673A1'),
(520, 'Перламутровый горечавково-синий', '#2A6478'),
(521, 'Перламутровый медный', '#763C28'),
(522, 'Перламутровый мышино-серый', '#898176'),
(523, 'Перламутровый ночной', '#102C54'),
(524, 'Перламутровый опаловый', '#193737'),
(525, 'Перламутровый светло-серый', '#9C9C9C'),
(526, 'Перламутровый темно-серый', '#828282'),
(527, 'Персидский зеленый', '#00A693'),
(528, 'Персидский индиго', '#32127A'),
(529, 'Персидский красный', '#CC3333'),
(530, 'Персидский розовый', '#FE28A2'),
(531, 'Персидский синий', '#6600FF'),
(532, 'Персиковый', '#FFE5B4'),
(533, 'Персиковый Крайола', '#FFCFAB'),
(534, 'Перу', '#CD853F'),
(535, 'Песок пустыни', '#EFCDB8'),
(536, 'Песочно-желтый', '#C6A664'),
(537, 'Песочный', '#FCDD76'),
(538, 'Песочный серо-коричневый', '#967117'),
(539, 'Пигментный зеленый', '#00A550'),
(540, 'Пихтовый зеленый', '#31372B'),
(541, 'Пламенная маджента Крайола', '#F8173E'),
(542, 'Платиново-серый', '#7F7679'),
(543, 'Побег папайи', '#FFEFD5'),
(544, 'Полумрак Крайола', '#8A795D'),
(545, 'Полуночно-синий', '#003366'),
(546, 'Полуночный синий Крайола', '#1A4876'),
(547, 'Полуночный черный', '#191970'),
(548, 'Последний вздох Жако', '#FF9218'),
(549, 'Почти черный', '#131313'),
(550, 'Призрачно-белый', '#F8F8FF'),
(551, 'Пурпурная пицца', '#FF00CC'),
(552, 'Пурпурно-белый', '#FADBC8'),
(553, 'Пурпурно-красный', '#75151E'),
(554, 'Пурпурно-серый', '#88706B'),
(555, 'Пурпурно-синий', '#20155E'),
(556, 'Пурпурно-фиолетовый', '#4A192C'),
(557, 'Пурпурно-черный', '#1B1116'),
(558, 'Пурпурное горное величие', '#9D81BA'),
(559, 'Пурпурное сердце', '#7442C8'),
(560, 'Пурпурный', '#800080'),
(561, 'Пшеничный', '#F5DEB3'),
(562, 'Пылкий красно-оранжевый', '#F75E25'),
(563, 'Пылкий розовый', '#FF7E93'),
(564, 'Пыльно-серый', '#7D7F7D'),
(565, 'Пыльный голубой', '#B0E0E6'),
(566, 'Пюсовый', '#CC8899'),
(567, 'Радикальный красный', '#FF496C'),
(568, 'Рапсово-желтый', '#F3DA0B'),
(569, 'Резедово-зеленый', '#587246'),
(570, 'Ржаво-коричневый', '#B7410E'),
(571, 'Розовато-лиловый Крайола', '#EF98AA'),
(572, 'Розовато-серый', '#C8A696'),
(573, 'Розовая гвоздика', '#FFAACC'),
(574, 'Розовая долина', '#AB4E52'),
(575, 'Розовая фуксия', '#FF77FF'),
(576, 'Розово-золотой', '#B76E79'),
(577, 'Розово-коричневый', '#BC8F8F'),
(578, 'Розово-лавандовый', '#FFF0F5'),
(579, 'Розово-серо-коричневый', '#905D5D'),
(580, 'Розово-фиолетовый', '#EE82EE'),
(581, 'Розово-эбонитовый', '#674846'),
(582, 'Розовый', '#FFC0CB'),
(583, 'Розовый (Пощекочи меня)', '#FC89AC'),
(584, 'Розовый антик', '#D36E70'),
(585, 'Розовый кварц', '#AA98A9'),
(586, 'Розовый лес', '#65000B'),
(587, 'Розовый Маунтбэттена', '#997A8D'),
(588, 'Розовый поросенок', '#FDDDE6'),
(589, 'Розовый фламинго', '#FC74FD'),
(590, 'Розовый щербет', '#F78FA7'),
(591, 'Рубиново-красный', '#9B111E'),
(592, 'Румянец', '#DE5D83'),
(593, 'Рыжий', '#D77D31'),
(594, 'Салатовый', '#99FF99'),
(595, 'Сангина', '#92000A'),
(596, 'Сапфирово-синий', '#1D1E33'),
(597, 'Сапфировый', '#082567'),
(598, 'Светлая вишня', '#DE3163'),
(599, 'Светлая мальва (Светло-розовато-лиловый)', '#DCD0FF'),
(600, 'Светлая Сиена (Почти чистый оранжевый)', '#E28B00'),
(601, 'Светлая слива', '#DDA0DD'),
(602, 'Светлая слоновая кость', '#E6D690'),
(603, 'Светло-бирюзовый', '#40E0D0'),
(604, 'Светло-вишневый Крайола', '#DD4492'),
(605, 'Светло-голубой', '#87CEFA'),
(606, 'Светло-желтый', '#FFFFE0'),
(607, 'Светло-желтый золотистый', '#FAFAD2'),
(608, 'Светло-зеленый', '#90EE90'),
(609, 'Светло-золотистый', '#FFEC8B'),
(610, 'Светло-коралловый', '#FFBCAD'),
(611, 'Светло-коричневый', '#987654'),
(612, 'Светло-морковный', '#ED9121'),
(613, 'Светло-оливковый', '#846A20'),
(614, 'Светло-песочный', '#FDEAA8'),
(615, 'Светло-пурпурный', '#BA7FA2'),
(616, 'Светло-розовая фуксия', '#F984EF'),
(617, 'Светло-розовый', '#FFB6C1'),
(618, 'Светло-серебристый', '#C9C0BB'),
(619, 'Светло-серый', '#BBBBBB'),
(620, 'Светло-синий', '#A6CAF0'),
(621, 'Светло-тициановый', '#D84B20'),
(622, 'Светло-фиолетовый', '#876C99'),
(623, 'Светлое зеленое море', '#20B2AA'),
(624, 'Светлый аспидно-серый', '#778899'),
(625, 'Светлый глубокий желтый', '#FFD35F'),
(626, 'Светлый джинсовый', '#2B6CC4'),
(627, 'Светлый желто-зеленый', '#DCD36A'),
(628, 'Светлый желто-коричневый', '#BB8B54'),
(629, 'Светлый желто-розовый', '#FFB28B'),
(630, 'Светлый зеленовато-белый', '#BAAF96'),
(631, 'Светлый зеленовато-желтый', '#FFDE5A'),
(632, 'Светлый зеленовато-синий', '#649A9E'),
(633, 'Светлый карминово-розовый', '#E66761'),
(634, 'Светлый коричневато-серый', '#8B6D5C'),
(635, 'Светлый коричневый', '#A86540'),
(636, 'Светлый красно-коричневый', '#AA6651'),
(637, 'Светлый красно-пурпурный', '#BB6C8A'),
(638, 'Светлый малиново-красный', '#E63244'),
(639, 'Светлый оливково-коричневый', '#945D0B'),
(640, 'Светлый оливковый серый', '#887359'),
(641, 'Светлый оранжевый', '#FFA161'),
(642, 'Светлый пурпурно-розовый', '#FFA8AF'),
(643, 'Светлый пурпурно-серый', '#C8A99E'),
(644, 'Светлый пурпурно-синий', '#837DA2'),
(645, 'Светлый розово-лиловый', '#EA899A'),
(646, 'Светлый серо-желто-коричневый', '#B48764'),
(647, 'Светлый серо-коричневый', '#946B54'),
(648, 'Светлый серо-красно-коричневый', '#966A57'),
(649, 'Светлый серо-красный', '#B17267'),
(650, 'Светлый серо-оливковый', '#8B734B'),
(651, 'Светлый серо-пурпурно-красный', '#B27070'),
(652, 'Светлый серо-синий', '#84C3BE'),
(653, 'Светлый серый', '#D7D7D7'),
(654, 'Светлый сине-серый', '#6C92AF'),
(655, 'Светлый синевато-зеленый', '#669E85'),
(656, 'Светлый синевато-серый', '#BEADA1'),
(657, 'Светлый синий', '#ADD8E6'),
(658, 'Светлый стальной синий', '#B0C4DE'),
(659, 'Светлый телегрей', '#D0D0D0'),
(660, 'Светлый хаки', '#F0E68C'),
(661, 'Светлый циан', '#E0FFFF'),
(662, 'Селадон', '#ACE1AF'),
(663, 'Сепия (Каракатица)', '#704214'),
(664, 'Сепия коричневый', '#382C1E'),
(665, 'Сепия Крайола', '#A5694F'),
(666, 'Серая белка', '#78858B'),
(667, 'Серая спаржа', '#465945'),
(668, 'Серая умбра', '#332F2C'),
(669, 'Серебристо-серый', '#8A9597'),
(670, 'Серебряный', '#C0C0C0'),
(671, 'Серебряный Крайола', '#CDC5C2'),
(672, 'Серо-бежевый', '#9E9764'),
(673, 'Серобуромалиновый', '#735184'),
(674, 'Серовато-желто-зеленый', '#90845B'),
(675, 'Серовато-желто-коричневый', '#785840'),
(676, 'Серовато-желто-розовый', '#D39B85'),
(677, 'Серовато-желтый', '#CEA262'),
(678, 'Серовато-зеленовато-желтый', '#C4A55F'),
(679, 'Серовато-зеленый', '#575E4E'),
(680, 'Серовато-коричневый', '#5A3D30'),
(681, 'Серовато-красно-коричневый', '#5E3830'),
(682, 'Серовато-красно-оранжевый', '#B85D43'),
(683, 'Серовато-красно-пурпурный', '#7D4D5D'),
(684, 'Серовато-красный', '#8C4743'),
(685, 'Серовато-оливковый', '#52442C'),
(686, 'Серовато-оранжевый', '#C2A894'),
(687, 'Серовато-пурпурно-красный', '#8C4852'),
(688, 'Серовато-пурпурно-розовый', '#CC9293'),
(689, 'Серовато-пурпурно-синий', '#413D51'),
(690, 'Серовато-пурпурный', '#72525C'),
(691, 'Серовато-розовый', '#CF9B8F'),
(692, 'Серовато-синий', '#4A545C'),
(693, 'Серовато-фиолетовый', '#46394B'),
(694, 'Сероватый оливково-зеленый', '#48442D'),
(695, 'Серое окно', '#9DA1AA'),
(696, 'Серый', '#808080'),
(697, 'Серый бетон', '#686C5E'),
(698, 'Серый зеленый чай', '#CADABA'),
(699, 'Серый коричневый', '#403A3A'),
(700, 'Серый Крайола', '#95918C'),
(701, 'Серый мох', '#6C7059'),
(702, 'Серый нейтральный', '#A0A0A4'),
(703, 'Серый оливковый', '#3E3B32'),
(704, 'Серый синий', '#26252D'),
(705, 'Серый хаки', '#6A5F31'),
(706, 'Серый шелк', '#CAC4B0'),
(707, 'Серый шифер, аспидно-серый', '#708090'),
(708, 'Сигнальный желтый', '#E5BE01'),
(709, 'Сигнальный зеленый', '#317F43'),
(710, 'Сигнальный коричневый', '#6C3B2A'),
(711, 'Сигнальный красный', '#A52019'),
(712, 'Сигнальный оранжевый', '#FF9900'),
(713, 'Сигнальный серый', '#969992'),
(714, 'Сигнальный синий', '#1E2460'),
(715, 'Сигнальный фиолетовый', '#924E7D'),
(716, 'Сигнальный черный', '#282828'),
(717, 'Сиена', '#A0522D'),
(718, 'Сиена жженая', '#E97451'),
(719, 'Сизый', '#79A0C1'),
(720, 'Сине-зеленый', '#1F3A3D'),
(721, 'Сине-зеленый Крайола', '#0D98BA'),
(722, 'Сине-лиловый', '#8A2BE2'),
(723, 'Сине-серый Крайола', '#6699CC'),
(724, 'Сине-сиреневый', '#6C4675'),
(725, 'Сине-фиолетовый Крайола', '#7366BD'),
(726, 'Синевато-белый', '#F9DFCF'),
(727, 'Синевато-серый', '#7D746D'),
(728, 'Синевато-черный', '#151719'),
(729, 'Синий', '#0000FF'),
(730, 'Синий-синий иней', '#AFDAFC'),
(731, 'Синий Градуса', '#007DFF'),
(732, 'Синий Клейна', '#3A75C4'),
(733, 'Синий Крайола', '#1F75FE'),
(734, 'Синий серый', '#474B4E'),
(735, 'Синий цвета яиц странствующего дрозда', '#1FCECB'),
(736, 'Синий чирок', '#18A7B5'),
(737, 'Синий экран смерти', '#122FAA'),
(738, 'Синяя лазурь (Лазурно-голубой)', '#2A52BE'),
(739, 'Синяя пыль', '#003399'),
(740, 'Синяя сталь', '#4682B4'),
(741, 'Синяя Элис', '#F0F8FF'),
(742, 'Сиреневый', '#C8A2C8'),
(743, 'Сияющая орхидея', '#B565A7'),
(744, 'Скандальный оранжевый', '#FF6E4A'),
(745, 'Скарлет', '#FC2847'),
(746, 'Сладкая вата', '#FFBCD9'),
(747, 'Сланцево-серый', '#434750'),
(748, 'Сливовый', '#660066'),
(749, 'Сливовый Крайола', '#8E4585'),
(750, 'Сливочно-кремовый', '#F2DDC6'),
(751, 'Сливочный', '#F2E8C9'),
(752, 'Слоновая кость', '#FFFFF0'),
(753, 'Снежно-синий', '#ACE5EE'),
(754, 'Солнечно-желтый', '#F39F18'),
(755, 'Сомон', '#EFAF8C'),
(756, 'Сосновый зеленый', '#2C5545'),
(757, 'Сочный каштановый Крайола', '#B94E48'),
(758, 'Спаржа', '#7BA05B'),
(759, 'Спаржа Крайола', '#87A96B'),
(760, 'Средний карминный', '#AF4035'),
(761, 'Средний персидский синий', '#0067A5'),
(762, 'Средний пурпурный', '#9370D8'),
(763, 'Средний серый', '#817066'),
(764, 'Стальной синий', '#231A24'),
(765, 'Старинный розовый', '#C08081'),
(766, 'Старое золото', '#CFB53B'),
(767, 'Старое кружево', '#FDF5E6'),
(768, 'Старый лен', '#EEDC82'),
(769, 'Сырая охра', '#D68A59'),
(770, 'Сырая умбра', '#714B23'),
(771, 'Телегрей', '#909090'),
(772, 'Телемагента', '#CF3476'),
(773, 'Темная Византия', '#5D3954'),
(774, 'Темная орхидея', '#9932CC'),
(775, 'Темно-алый', '#CB2821'),
(776, 'Темно-бирюзовый', '#116062'),
(777, 'Темно-голубой', '#3B83BD'),
(778, 'Темно-грушевый', '#D8A903'),
(779, 'Темно-желтый', '#B07D2B'),
(780, 'Темно-зеленый', '#013220'),
(781, 'Темно-каштановый', '#986960'),
(782, 'Темно-коралловый', '#CD5B45'),
(783, 'Темно-коричневый', '#654321'),
(784, 'Темно-красный', '#8B0000'),
(785, 'Темно-лазурный', '#08457E'),
(786, 'Темно-лососевый', '#E9967A'),
(787, 'Темно-мандариновый', '#FFA812'),
(788, 'Темно-оливковый', '#556832'),
(789, 'Темно-оранжевый', '#FF8C00'),
(790, 'Темно-персиковый', '#FFDAB9'),
(791, 'Темно-пурпурный', '#472A3F'),
(792, 'Темно-розовый', '#E75480'),
(793, 'Темно-серая мальва (Розовато-лилово-серый)', '#915F6D'),
(794, 'Темно-серо-коричневый', '#483C32'),
(795, 'Темно-серый', '#49423D'),
(796, 'Темно-синий', '#002137'),
(797, 'Темно-синий (Цвет формы морских офицеров)', '#000080'),
(798, 'Темно-синий Крайола', '#1974D2'),
(799, 'Темно-фиолетовый', '#9400D3'),
(800, 'Темное зеленое море', '#8FBC8F'),
(801, 'Темный аспидно-синий', '#483D8B'),
(802, 'Темный весенне-зеленый', '#177245'),
(803, 'Темный желто-зеленый', '#57A639'),
(804, 'Темный желто-коричневый', '#918151'),
(805, 'Темный желто-розовый', '#CC6C5C'),
(806, 'Темный желтовато-зеленый', '#304B26'),
(807, 'Темный желтовато-коричневый', '#3F2512'),
(808, 'Темный зеленовато-желто-зеленый', '#313830'),
(809, 'Темный зеленовато-желтый', '#9B8127'),
(810, 'Темный зеленовато-серый', '#45433B'),
(811, 'Темный зеленовато-синий', '#003841'),
(812, 'Темный зеленый', '#203A27'),
(813, 'Темный зеленый чай', '#BADBAD'),
(814, 'Темный золотарник (Темно-золотой)', '#B8860B'),
(815, 'Темный индиго', '#310062'),
(816, 'Темный Коричневый', '#35170C'),
(817, 'Темный красно-коричневый', '#321011'),
(818, 'Темный красно-оранжевый', '#9B2F1F'),
(819, 'Темный красно-пурпурный', '#4F273A'),
(820, 'Темный красно-серый', '#523C36'),
(821, 'Темный красный', '#681C23'),
(822, 'Темный маджента', '#8B008B'),
(823, 'Темный мандарин', '#EA7500'),
(824, 'Темный оливково-зеленый', '#232C16'),
(825, 'Темный оливково-коричневый', '#302112'),
(826, 'Темный оранжево-желтый', '#C37629'),
(827, 'Темный пастельно-зеленый', '#03C03C'),
(828, 'Темный пурпурно-красный', '#5B1E31'),
(829, 'Темный пурпурно-розовый', '#C76574'),
(830, 'Темный пурпурно-серый', '#564042'),
(831, 'Темный пурпурно-синий', '#1A162A'),
(832, 'Темный пурпурно-фиолетовый', '#660099'),
(833, 'Темный розовый', '#C76864'),
(834, 'Темный серо-желтый', '#A47C45'),
(835, 'Темный серо-коричневый', '#32221A'),
(836, 'Темный серо-красно-коричневый', '#371F1C'),
(837, 'Темный серо-красный', '#482A2A'),
(838, 'Темный серо-оливково-зеленый', '#27261A'),
(839, 'Темный серо-оливковый', '#2B2517'),
(840, 'Темный серо-синий', '#2C3337'),
(841, 'Темный синевато-зеленый', '#013A33'),
(842, 'Темный синевато-черный', '#464544'),
(843, 'Темный телегрей', '#82898F'),
(844, 'Темный терракотовый', '#4E3B31'),
(845, 'Темный ультрамариновый', '#00008B'),
(846, 'Темный хаки', '#BDB76B'),
(847, 'Темный циан', '#008B8B'),
(848, 'Темный черновато-пурпурный', '#452D35'),
(849, 'Темный янтарь', '#FF7E00'),
(850, 'Терракота', '#CC4E5C'),
(851, 'Терракотовый', '#904D30'),
(852, 'Тиффани', '#0ABAB5'),
(853, 'Тихоокеанский синий', '#1CA9C9'),
(854, 'Тициановый', '#D53E07'),
(855, 'Томатно-красный', '#A12312'),
(856, 'Томатный', '#FF6347'),
(857, 'Травяной', '#5DA130'),
(858, 'Травяной (Очень темный лимонный зеленый)', '#006400'),
(859, 'Травяной зеленый', '#35682D'),
(860, 'Транспортно-желтый', '#FAD201'),
(861, 'Транспортный зеленый', '#308446'),
(862, 'Транспортный красный', '#CC0605'),
(863, 'Транспортный оранжевый', '#F54021'),
(864, 'Транспортный пурпурный', '#A03472'),
(865, 'Транспортный серый', '#8D948D'),
(866, 'Транспортный синий', '#063971'),
(867, 'Транспортный черный', '#1E1E1E'),
(868, 'Трилистник Крайола', '#45CEA2'),
(869, 'Тростниково-зеленый', '#6C7156'),
(870, 'Турецкий розовый', '#B57281'),
(871, 'Тускло-амарантово-розовый', '#DDBEC3'),
(872, 'Тускло-розовый', '#FFE4E1'),
(873, 'Тусклый мандарин', '#F28500'),
(874, 'Тусклый пурпурный', '#AE848B'),
(875, 'Тусклый серый', '#696969'),
(876, 'Тыква (Тыквенный)', '#FF7518'),
(877, 'Ультрамариново-синий', '#20214F'),
(878, 'Ультрамариновый', '#120A8F'),
(879, 'Умбра жженая', '#8A3324'),
(880, 'Умеренно-бирюзовый', '#48D1CC'),
(881, 'Умеренно-зеленое море', '#3CB371'),
(882, 'Умеренно-оливковый', '#5E490F'),
(883, 'Умеренно-темный пурпурный', '#803E75'),
(884, 'Умеренно зеленый', '#C0DCC0'),
(885, 'Умеренный аквамариновый', '#66CDAA'),
(886, 'Умеренный аспидно-синий', '#7B68EE'),
(887, 'Умеренный весенний зеленый', '#00FA9A'),
(888, 'Умеренный желто-зеленый', '#8B8940'),
(889, 'Умеренный желто-коричневый', '#7D512D'),
(890, 'Умеренный желто-розовый', '#EE9374'),
(891, 'Умеренный желтовато-зеленый', '#657F4B'),
(892, 'Умеренный желтый', '#D79D41'),
(893, 'Умеренный зеленовато-желтый', '#C4A43D'),
(894, 'Умеренный зеленовато-синий', '#30626B'),
(895, 'Умеренный зеленый', '#386646'),
(896, 'Умеренный коричневый', '#673923'),
(897, 'Умеренный красно-оранжевый', '#D35339'),
(898, 'Умеренный красно-пурпурный', '#8C4566'),
(899, 'Умеренный красный', '#AB343A'),
(900, 'Умеренный оливково-зеленый', '#434B1B'),
(901, 'Умеренный оранжево-желтый', '#F7943C'),
(902, 'Умеренный оранжевый', '#E8793E'),
(903, 'Умеренный пурпурно-красный', '#A73853'),
(904, 'Умеренный пурпурно-розовый', '#E28090'),
(905, 'Умеренный пурпурно-синий', '#423C63'),
(906, 'Умеренный пурпурный', '#7F4870'),
(907, 'Умеренный розовый', '#EE9086'),
(908, 'Умеренный серо-коричневый', '#674C47'),
(909, 'Умеренный синевато-зеленый', '#2F6556'),
(910, 'Умеренный синий', '#395778'),
(911, 'Умеренный фиолетово-красный', '#C71585'),
(912, 'Умеренный фиолетовый', '#543964'),
(913, 'Умеренный цвет орхидеи', '#BA55D3'),
(914, 'Фалунский красный', '#801818'),
(915, 'Фанданго', '#B55489'),
(916, 'Фельдграу', '#4D5D53'),
(917, 'Фиалковый', '#EA8DF7'),
(918, 'Фиолетово-баклажанный', '#991199'),
(919, 'Фиолетово-красный Крайола', '#F75394'),
(920, 'Фиолетово-сизый', '#8000FF'),
(921, 'Фиолетово-синий', '#354D73'),
(922, 'Фиолетово-синий Крайола', '#324AB2'),
(923, 'Фиолетовый', '#8B00FF'),
(924, 'Фиолетовый Крайола (Пурпурный)', '#926EAE'),
(925, 'Фисташковый', '#BEF574'),
(926, 'Французский розовый', '#F64A8A'),
(927, 'Фталоцианиновый зеленый', '#123524'),
(928, 'Фузи-вузи', '#CC6666'),
(929, 'Фуксия (Фуксин)', '#F754E1'),
(930, 'Фуксия Крайола', '#C364C5'),
(931, 'Хаки', '#806B2A'),
(932, 'Хромовый зеленый', '#2E3A23'),
(933, 'Цвет блошиного брюшка', '#4E1609'),
(934, 'Цвет ВКонтакте', '#4D7198'),
(935, 'Цвет влюбленной жабы', '#3CAA3C'),
(936, 'Цвет детской неожиданности', '#F7F21A'),
(937, 'Цвет елки', '#2A5C03'),
(938, 'Цвет желтого школьного автобуса', '#FFD800'),
(939, 'Цвет загара (Желто-коричневый)', '#D2B48C'),
(940, 'Цвет загара Крайола', '#FAA76C'),
(941, 'Цвет Красного моря', '#1F4037'),
(942, 'Цвет маленького мандарина', '#FFA474'),
(943, 'Цвет медвежьего ушка', '#834D18'),
(944, 'Цвет мокрого асфальта', '#505050'),
(945, 'Цвет морской волны (Аква)', '#008CF0'),
(946, 'Цвет морской раковины (Морская пена)', '#FFF5EE'),
(947, 'Цвет окраски птицы чирок (Сине-зеленый)', '#008080'),
(948, 'Цветочный белый', '#FFFAF0'),
(949, 'Цвет пергидрольной блондинки', '#EEE6A3'),
(950, 'Цвет пожарной машины', '#CE2029'),
(951, 'Цвет слоновой кости (Айвори)', '#FFFDDF'),
(952, 'Цвет суеты', '#E3256B'),
(953, 'Цвет Твиттера', '#1FAEE9'),
(954, 'Цвет Фейсбука', '#3B5998'),
(955, 'Цвет Хабрахабра', '#78A2B7'),
(956, 'Цвет Черного моря', '#1A4780'),
(957, 'Цвет шампанского', '#FCFCEE'),
(958, 'Цвет шелковистых нитевидных пестиков початков неспелой кукурузы', '#FFF8DC'),
(959, 'Цвет яйца дрозда', '#00CCCC'),
(960, 'Цвет Яндекса', '#FFCC00'),
(961, 'Цементно-серый (Цементный)', '#7D8471'),
(962, 'Циан, Цвет морской волны', '#00FFFF'),
(963, 'Цинково-желтый', '#F8F32B'),
(964, 'Циннвальдит', '#EBC2AF'),
(965, 'Циннвальдитово-розовый', '#FFCBBB'),
(966, 'Черно-зеленый', '#343E40'),
(967, 'Черно-коричневый', '#212121'),
(968, 'Черно-красный', '#412227'),
(969, 'Черно-оливковый', '#3B3C36'),
(970, 'Черно-серый', '#23282B'),
(971, 'Черно-синий', '#18171C'),
(972, 'Черновато-зеленый', '#141613'),
(973, 'Черновато-красный', '#1F0E11'),
(974, 'Черновато-пурпурный', '#1D1018'),
(975, 'Черновато-синий', '#161A1E'),
(976, 'Черный', '#000000'),
(977, 'Черный янтарь', '#0A0A0A'),
(978, 'Чертополох', '#D8BFD8'),
(979, 'Чертополох Крайола', '#EBC7DF'),
(980, 'Шамуа', '#A08040'),
(981, 'Шапка Деда Мороза', '#CA3A27'),
(982, 'Шапка Санта-Клауса', '#ED4830'),
(983, 'Шартрез, Ядовито-зеленый', '#7FFF00'),
(984, 'Шафраново-желтый', '#F5D033'),
(985, 'Шафрановый', '#F4C430'),
(986, 'Шелковица Крайола', '#C54B8C'),
(987, 'Шокирующий розовый Крайола', '#FB7EFD'),
(988, 'Шоколадно-коричневый', '#45322E'),
(989, 'Шоколадный', '#D2691E'),
(990, 'Экрю', '#CDB891'),
(991, 'Экстравагантный розовый Крайола', '#FF33CC'),
(992, 'Электрик', '#7DF9FF'),
(993, 'Электрик лайм (Лаймовый)', '#CCFF00'),
(994, 'Электрик лайм Крайола', '#CEFF1D'),
(995, 'Ядовито-зеленый', '#40826D'),
(996, 'Янтарный', '#FFBF00'),
(997, 'Яркий желто-зеленый', '#93AA00'),
(998, 'Яркий желто-розовый', '#FF845C'),
(999, 'Яркий зеленовато-желтый', '#F4C800'),
(1000, 'Яркий зеленый', '#007D34'),
(1001, 'Яркий красно-оранжевый', '#F13A13'),
(1002, 'Яркий красно-пурпурный', '#7E0059'),
(1003, 'Яркий красный', '#C10020'),
(1004, 'Яркий оранжево-желтый', '#FF8E00'),
(1005, 'Яркий оранжевый', '#FF6800'),
(1006, 'Яркий пурпурно-красный', '#D5265B'),
(1007, 'Яркий пурпурный', '#943391'),
(1008, 'Яркий синевато-зеленый', '#00836E'),
(1009, 'Яркий фиолетовый Крайола', '#8F509D'),
(1010, 'Ярко-бирюзовый', '#08E8DE'),
(1011, 'Ярко-желтый', '#FFB300'),
(1012, 'Ярко-зеленый', '#66FF00'),
(1013, 'Ярко-мандариновый', '#FFA089'),
(1014, 'Ярко-розовый', '#FC0FC0'),
(1015, 'Ярко-синий', '#007CAD'),
(1016, 'Ярко-сиреневый', '#E0B0FF'),
(1017, 'Ярко-фиолетовый', '#CD00CD');

-- --------------------------------------------------------

--
-- Table structure for table `countries`
--

CREATE TABLE `countries` (
  `id_country` int(11) NOT NULL,
  `country_name` varchar(50) NOT NULL
) ENGINE=InnoDB DEFAULT CHARSET=utf8;

--
-- Dumping data for table `countries`
--

INSERT INTO `countries` (`id_country`, `country_name`) VALUES
(1, 'Абхазия'),
(198, 'Авдаленд'),
(2, 'Австралия'),
(3, 'Австрия'),
(199, 'Азавад'),
(200, 'Азад Джамму и Кашмир'),
(201, 'Азания'),
(4, 'Азербайджан'),
(220, 'Азорские острова'),
(221, 'Аландские острова'),
(5, 'Албания'),
(6, 'Алжир'),
(222, 'Американское Самоа'),
(223, 'Ангилья'),
(7, 'Ангола'),
(8, 'Андорра'),
(224, 'Антарктида'),
(9, 'Антигуа и Барбуда'),
(10, 'Аргентина'),
(11, 'Армения'),
(225, 'Аруба'),
(12, 'Афганистан'),
(13, 'Багамские Острова'),
(14, 'Бангладеш'),
(15, 'Барбадос'),
(16, 'Бахрейн'),
(17, 'Белиз'),
(18, 'Белоруссия'),
(19, 'Бельгия'),
(20, 'Бенин'),
(226, 'Бермудские острова'),
(227, 'Бир-Тавиль'),
(21, 'Болгария'),
(22, 'Боливия'),
(228, 'Бонэйр'),
(23, 'Босния и Герцеговина'),
(24, 'Ботсвана'),
(25, 'Бразилия'),
(229, 'Британская территория в Индийском океане'),
(230, 'Британские Виргинские острова'),
(26, 'Бруней'),
(27, 'Буркина-Фасо'),
(28, 'Бурунди'),
(29, 'Бутан'),
(202, 'Вазиристан'),
(30, 'Вануату'),
(31, 'Ватикан'),
(32, 'Великобритания'),
(33, 'Венгрия'),
(34, 'Венесуэла'),
(231, 'Виргинские острова США'),
(35, 'Восточный Тимор'),
(36, 'Вьетнам'),
(37, 'Габон'),
(232, 'Гавайи'),
(38, 'Гаити'),
(39, 'Гайана'),
(203, 'Галмудуг'),
(40, 'Гамбия'),
(41, 'Гана'),
(233, 'Гваделупа'),
(42, 'Гватемала'),
(234, 'Гвиана'),
(43, 'Гвинея'),
(44, 'Гвинея-Бисау'),
(45, 'Германия'),
(235, 'Гернси'),
(236, 'Гибралтар'),
(237, 'Голанские высоты'),
(46, 'Гондурас'),
(238, 'Гонконг'),
(204, 'Государство Ва'),
(47, 'Государство Палестина'),
(205, 'Государство Шан'),
(48, 'Гренада'),
(239, 'Гренландия'),
(49, 'Греция'),
(50, 'Грузия'),
(240, 'Гуам'),
(51, 'Дания'),
(241, 'Джерси'),
(52, 'Джибути'),
(206, 'Джубаленд'),
(53, 'Доминика'),
(54, 'Доминиканская Республика'),
(207, 'Донецкая Народная Республика'),
(55, 'ДР Конго'),
(56, 'Египет'),
(57, 'Замбия'),
(58, 'Зимбабве'),
(59, 'Израиль'),
(60, 'Индия'),
(61, 'Индонезия'),
(62, 'Иордания'),
(63, 'Ирак'),
(64, 'Иран'),
(65, 'Ирландия'),
(66, 'Исландия'),
(67, 'Испания'),
(68, 'Италия'),
(69, 'Йемен'),
(70, 'Кабо-Верде'),
(71, 'Казахстан'),
(242, 'Каймановы острова'),
(72, 'Камбоджа'),
(73, 'Камерун'),
(74, 'Канада'),
(243, 'Канарские острова'),
(75, 'Катар'),
(76, 'Кения'),
(77, 'Кипр'),
(78, 'Киргизия'),
(79, 'Кирибати'),
(80, 'Китай'),
(208, 'Китайская Республика'),
(81, 'КНДР'),
(244, 'Кокосовые острова'),
(82, 'Колумбия'),
(83, 'Коморские Острова'),
(84, 'Коста-Рика'),
(85, 'Кот-д\'Ивуар'),
(86, 'Куба'),
(87, 'Кувейт'),
(245, 'Кука острова'),
(246, 'Кюрасао'),
(88, 'Лаос'),
(89, 'Латвия'),
(90, 'Лесото'),
(91, 'Либерия'),
(92, 'Ливан'),
(93, 'Ливия'),
(94, 'Литва'),
(95, 'Лихтенштейн'),
(209, 'Луганская Народная Республика'),
(96, 'Люксембург'),
(97, 'Маврикий'),
(98, 'Мавритания'),
(99, 'Мадагаскар'),
(247, 'Мадейра'),
(248, 'Майотта'),
(249, 'Макао'),
(100, 'Малави'),
(101, 'Малайзия'),
(102, 'Мали'),
(103, 'Мальдивские Острова'),
(104, 'Мальта'),
(210, 'Мальтийский орден'),
(105, 'Марокко'),
(250, 'Мартиника'),
(106, 'Маршалловы Острова'),
(107, 'Мексика'),
(251, 'Мелилья'),
(108, 'Мозамбик'),
(109, 'Молдавия'),
(110, 'Монако'),
(111, 'Монголия'),
(252, 'Монтсеррат'),
(112, 'Мьянма'),
(211, 'Нагорно-Карабахская Республика'),
(113, 'Намибия'),
(114, 'Науру'),
(115, 'Непал'),
(116, 'Нигер'),
(117, 'Нигерия'),
(118, 'Нидерланды'),
(119, 'Никарагуа'),
(253, 'Ниуэ'),
(120, 'Новая Зеландия'),
(254, 'Новая Каледония'),
(121, 'Норвегия'),
(122, 'ОАЭ'),
(123, 'Оман'),
(255, 'Остров Мэн'),
(256, 'Остров Норфолк'),
(257, 'Остров Рождества'),
(258, 'Острова Питкэрн'),
(124, 'Пакистан'),
(125, 'Палау'),
(126, 'Панама'),
(127, 'Папуа - Новая Гвинея'),
(128, 'Парагвай'),
(129, 'Перу'),
(130, 'Польша'),
(131, 'Португалия'),
(212, 'Приднестровская Молдавская Республика'),
(213, 'Пунтленд'),
(132, 'Республика Конго'),
(133, 'Республика Корея'),
(214, 'Республика Косово'),
(134, 'Россия'),
(135, 'Руанда'),
(136, 'Румыния'),
(137, 'Сальвадор'),
(138, 'Самоа'),
(139, 'Сан-Марино'),
(140, 'Сан-Томе и Принсипи'),
(141, 'Саудовская Аравия'),
(215, 'Сахарская Арабская Демократическая Республика'),
(142, 'Северная Македония'),
(143, 'Сейшельские Острова'),
(144, 'Сенегал'),
(145, 'Сент-Винсент и Гренадины'),
(146, 'Сент-Китс и Невис'),
(147, 'Сент-Люсия'),
(148, 'Сербия'),
(216, 'Силенд'),
(149, 'Сингапур'),
(150, 'Сирия'),
(151, 'Словакия'),
(152, 'Словения'),
(153, 'Соломоновы Острова'),
(154, 'Сомали'),
(217, 'Сомалиленд'),
(155, 'Судан'),
(156, 'Суринам'),
(157, 'США'),
(158, 'Сьерра-Леоне'),
(159, 'Таджикистан'),
(160, 'Таиланд'),
(161, 'Танзания'),
(162, 'Того'),
(163, 'Тонга'),
(164, 'Тринидад и Тобаго'),
(165, 'Тувалу'),
(166, 'Тунис'),
(218, 'Турецкая Республика Северного Кипра'),
(167, 'Туркмения'),
(168, 'Турция'),
(169, 'Уганда'),
(170, 'Узбекистан'),
(171, 'Украина'),
(172, 'Уругвай'),
(173, 'Федеративные Штаты Микронезии'),
(174, 'Фиджи'),
(175, 'Филиппины'),
(176, 'Финляндия'),
(177, 'Франция'),
(219, 'Химан и Хеб'),
(178, 'Хорватия'),
(179, 'ЦАР'),
(180, 'Чад'),
(181, 'Черногория'),
(182, 'Чехия'),
(183, 'Чили'),
(184, 'Швейцария'),
(185, 'Швеция'),
(186, 'Шри-Ланка'),
(187, 'Эквадор'),
(188, 'Экваториальная Гвинея'),
(189, 'Эритрея'),
(190, 'Эсватини'),
(191, 'Эстония'),
(192, 'Эфиопия'),
(193, 'ЮАР'),
(194, 'Южная Осетия'),
(195, 'Южный Судан'),
(196, 'Ямайка'),
(197, 'Япония');

-- --------------------------------------------------------

--
-- Table structure for table `delivery_methods`
--

CREATE TABLE `delivery_methods` (
  `id_delivery_method` int(11) NOT NULL,
  `delivery_method_name` varchar(15) NOT NULL
) ENGINE=InnoDB DEFAULT CHARSET=utf8;

--
-- Dumping data for table `delivery_methods`
--

INSERT INTO `delivery_methods` (`id_delivery_method`, `delivery_method_name`) VALUES
(2, 'доставка'),
(1, 'самовывоз');

-- --------------------------------------------------------

--
-- Table structure for table `goods_in_basket_order`
--

CREATE TABLE `goods_in_basket_order` (
  `id_order` int(11) NOT NULL,
  `id_vehicle` int(11) NOT NULL
) ENGINE=InnoDB DEFAULT CHARSET=utf8;

--
-- Dumping data for table `goods_in_basket_order`
--

INSERT INTO `goods_in_basket_order` (`id_order`, `id_vehicle`) VALUES
(1, 1),
(1, 2);

-- --------------------------------------------------------

--
-- Table structure for table `manufacturer`
--

CREATE TABLE `manufacturer` (
  `id_manufacturer` int(11) NOT NULL,
  `manufacturer_name` varchar(15) NOT NULL,
  `phone` varchar(19) DEFAULT NULL,
  `e_mail` varchar(50) DEFAULT NULL,
  `address` varchar(150) DEFAULT NULL
) ENGINE=InnoDB DEFAULT CHARSET=utf8;

--
-- Dumping data for table `manufacturer`
--

INSERT INTO `manufacturer` (`id_manufacturer`, `manufacturer_name`, `phone`, `e_mail`, `address`) VALUES
(1, 'Catmann', NULL, NULL, NULL),
(2, 'DongFeng', NULL, NULL, NULL),
(3, 'Jinma', NULL, NULL, NULL),
(4, 'Lovol Foton', NULL, NULL, NULL),
(5, 'Xingtai', NULL, NULL, NULL),
(6, 'Беларус/МТЗ', NULL, NULL, NULL),
(7, 'Кентавр', NULL, NULL, NULL),
(8, 'Русич', NULL, NULL, NULL),
(9, 'Скаут', NULL, NULL, NULL),
(10, 'Чувашпиллер', NULL, NULL, NULL),
(11, 'Shifeng', NULL, NULL, NULL),
(12, 'Solis', NULL, NULL, NULL),
(13, 'Калибр', NULL, NULL, NULL),
(14, 'Крепыш', NULL, NULL, NULL),
(15, 'Рустрак', NULL, NULL, NULL),
(16, 'Chery', NULL, NULL, NULL),
(17, 'Branson', NULL, NULL, NULL),
(18, 'Avant', NULL, NULL, NULL),
(19, 'BCS', NULL, NULL, NULL),
(20, 'Grasshopper', NULL, NULL, NULL),
(21, 'LS Tractor', NULL, NULL, NULL),
(22, 'Mahindra', NULL, NULL, NULL),
(23, 'MasterYard', NULL, NULL, NULL),
(24, 'Mitsubishi', NULL, NULL, NULL),
(25, 'Swatt', NULL, NULL, NULL),
(26, 'TYM', NULL, NULL, NULL),
(27, 'АГРОМАШ', NULL, NULL, NULL),
(28, 'Булат', NULL, NULL, NULL),
(29, 'Зубр', NULL, NULL, NULL),
(30, 'Митракс', NULL, NULL, NULL),
(31, 'Уралец', NULL, NULL, NULL),
(32, 'Iseki', NULL, NULL, NULL);

-- --------------------------------------------------------

--
-- Table structure for table `marks`
--

CREATE TABLE `marks` (
  `id_mark` int(11) NOT NULL,
  `mark_name` varchar(50) NOT NULL
) ENGINE=InnoDB DEFAULT CHARSET=utf8;

--
-- Dumping data for table `marks`
--

INSERT INTO `marks` (`id_mark`, `mark_name`) VALUES
(26, 'Catmann'),
(27, 'DongFeng'),
(25, 'Iseki'),
(24, 'Jinma'),
(31, 'Kioti'),
(30, 'Kubota'),
(23, 'Lovol Foton'),
(22, 'LS Tractor'),
(21, 'Mahindra'),
(20, 'MasterYard'),
(19, 'Mitsubishi'),
(29, 'Shibaura'),
(18, 'Shifeng'),
(17, 'Solis'),
(16, 'Swatt'),
(15, 'TYM'),
(14, 'Xingtai'),
(28, 'Yanmar'),
(13, 'АГРОМАШ'),
(12, 'Беларус/МТЗ'),
(11, 'Булат'),
(10, 'Зубр'),
(9, 'Калибр'),
(8, 'Кентавр'),
(7, 'Крепыш'),
(6, 'Митракс'),
(5, 'Русич'),
(4, 'Рустрак'),
(3, 'Скаут'),
(2, 'Уралец'),
(1, 'Чувашпиллер');

-- --------------------------------------------------------

--
-- Table structure for table `models`
--

CREATE TABLE `models` (
  `id_model` int(11) NOT NULL,
  `model_name` varchar(50) NOT NULL,
  `id_mark` int(11) NOT NULL
) ENGINE=InnoDB DEFAULT CHARSET=utf8;

--
-- Dumping data for table `models`
--

INSERT INTO `models` (`id_model`, `model_name`, `id_mark`) VALUES
(1, 'MT-350', 26),
(2, 'XD-35.4 AXON', 26),
(3, 'MT-242', 26),
(4, 'MT-242 20л.с. ECO-Line', 26),
(5, 'XD-65.4', 26),
(6, 'T-18 ECO-Line', 26),
(7, '2404', 27),
(8, '1804', 27),
(9, 'T903', 15),
(10, 'МТЗ 1221.3', 12),
(11, 'XR50 HST CAB', 22);

-- --------------------------------------------------------

--
-- Table structure for table `orders`
--

CREATE TABLE `orders` (
  `id_order` int(11) NOT NULL,
  `time_date_of_order` datetime NOT NULL,
  `id_client` int(11) NOT NULL,
  `id_staff` int(11) DEFAULT NULL,
  `id_status` int(11) DEFAULT NULL,
  `id_payment_method` int(11) DEFAULT NULL,
  `id_delivery_method` int(11) DEFAULT NULL,
  `delivery_address` varchar(100) DEFAULT NULL
) ENGINE=InnoDB DEFAULT CHARSET=utf8;

--
-- Dumping data for table `orders`
--

INSERT INTO `orders` (`id_order`, `time_date_of_order`, `id_client`, `id_staff`, `id_status`, `id_payment_method`, `id_delivery_method`, `delivery_address`) VALUES
(1, '2021-06-03 10:43:31', 2, 1, 2, 1, 1, NULL),
(2, '2021-06-01 10:43:31', 2, 1, 2, 2, 1, NULL);

-- --------------------------------------------------------

--
-- Table structure for table `order_statuses`
--

CREATE TABLE `order_statuses` (
  `id_status` int(11) NOT NULL,
  `status_name` varchar(25) NOT NULL
) ENGINE=InnoDB DEFAULT CHARSET=utf8;

--
-- Dumping data for table `order_statuses`
--

INSERT INTO `order_statuses` (`id_status`, `status_name`) VALUES
(2, 'в обработке'),
(5, 'выполнен'),
(3, 'на исполнении'),
(1, 'принят'),
(4, 'приостановлен');

-- --------------------------------------------------------

--
-- Table structure for table `payment_methods`
--

CREATE TABLE `payment_methods` (
  `id_payment_method` int(11) NOT NULL,
  `payment_method_name` varchar(25) NOT NULL
) ENGINE=InnoDB DEFAULT CHARSET=utf8;

--
-- Dumping data for table `payment_methods`
--

INSERT INTO `payment_methods` (`id_payment_method`, `payment_method_name`) VALUES
(1, 'банковская карта'),
(4, 'банковский перевод'),
(6, 'кредит'),
(2, 'наличные'),
(5, 'наложенный платеж'),
(3, 'электронные кошельки');

-- --------------------------------------------------------

--
-- Table structure for table `role_list`
--

CREATE TABLE `role_list` (
  `id_role` int(11) NOT NULL,
  `role_name` varchar(20) NOT NULL
) ENGINE=InnoDB DEFAULT CHARSET=utf8;

--
-- Dumping data for table `role_list`
--

INSERT INTO `role_list` (`id_role`, `role_name`) VALUES
(1, 'администратор'),
(2, 'клиент');

-- --------------------------------------------------------

--
-- Table structure for table `salons`
--

CREATE TABLE `salons` (
  `id_salon` int(11) NOT NULL,
  `salon_name` varchar(50) NOT NULL,
  `salon_address` varchar(100) NOT NULL,
  `phone_number` varchar(19) NOT NULL,
  `e_mail` varchar(50) NOT NULL
) ENGINE=InnoDB DEFAULT CHARSET=utf8;

--
-- Dumping data for table `salons`
--

INSERT INTO `salons` (`id_salon`, `salon_name`, `salon_address`, `phone_number`, `e_mail`) VALUES
(1, 'Agro Major', 'г. Москва, ул. Бакунинская д. 81', '+7 (499) 565-22-11', 'info@agro.com'),
(2, 'Сельхоз Маркет', 'г. Москва, ул. Ленина д. 22/3', '+7 (499) 963-12-43', 'info@selhos.ru');

-- --------------------------------------------------------

--
-- Table structure for table `sex_list`
--

CREATE TABLE `sex_list` (
  `id_sex` int(11) NOT NULL,
  `sex_name` varchar(10) NOT NULL
) ENGINE=InnoDB DEFAULT CHARSET=utf8;

--
-- Dumping data for table `sex_list`
--

INSERT INTO `sex_list` (`id_sex`, `sex_name`) VALUES
(2, 'женский'),
(1, 'мужской');

-- --------------------------------------------------------

--
-- Table structure for table `stock_status`
--

CREATE TABLE `stock_status` (
  `id_stock_status` int(11) NOT NULL,
  `stock_status_value` varchar(15) NOT NULL
) ENGINE=InnoDB DEFAULT CHARSET=utf8;

--
-- Dumping data for table `stock_status`
--

INSERT INTO `stock_status` (`id_stock_status`, `stock_status_value`) VALUES
(1, 'есть в наличии'),
(2, 'нет в наличии');

-- --------------------------------------------------------

--
-- Table structure for table `units`
--

CREATE TABLE `units` (
  `id_unit` int(11) NOT NULL,
  `unit_name` varchar(100) NOT NULL,
  `unit_symbol` varchar(15) NOT NULL
) ENGINE=InnoDB DEFAULT CHARSET=utf8;

--
-- Dumping data for table `units`
--

INSERT INTO `units` (`id_unit`, `unit_name`, `unit_symbol`) VALUES
(1, 'Миллиметр', 'мм'),
(2, 'Сантиметр', 'см'),
(3, 'Дециметр', 'дм'),
(4, 'Метр', 'м'),
(5, 'Километр', 'км'),
(6, 'Мегаметр', 'Мм'),
(7, 'Дюйм (25,4 мм)', 'дюйм'),
(8, 'Фут (0,3048 м)', 'фут'),
(9, 'Ярд (0,9144 м)', 'ярд'),
(10, 'Морская миля (1852 м)', 'миля'),
(11, 'Квадратный миллиметр', 'мм2'),
(12, 'Квадратный сантиметр', 'см2'),
(13, 'Квадратный дециметр', 'дм2'),
(14, 'Квадратный метр', 'м2'),
(15, 'Гектар', 'га'),
(16, 'Квадратный километр', 'км2'),
(17, 'Квадратный дюйм (645,16 мм2)', 'дюйм2'),
(18, 'Квадратный фут (0,092903 м2)', 'фут2'),
(19, 'Квадратный ярд (0,8361274 м2)', 'ярд2'),
(20, 'Ар (100 м2)', 'а'),
(21, 'Кубический миллиметр', 'мм3'),
(22, 'Кубический сантиметр', 'см3'),
(23, 'миллилитр', 'мл'),
(24, 'Литр', 'л'),
(25, 'кубический дециметр', 'дм3'),
(26, 'Кубический метр', 'м3'),
(27, 'Децилитр', 'дл'),
(28, 'Гектолитр', 'гл'),
(29, 'Мегалитр', 'Мл'),
(30, 'Кубический дюйм (16387,1 мм3)', 'дюйм3'),
(31, 'Кубический фут (0,02831685 м3)', 'фут3'),
(32, 'Кубический ярд (0,764555 м3)', 'ярд3'),
(33, 'Миллион кубических метров', '10^6 м3'),
(34, 'Гектограмм', 'гг'),
(35, 'Миллиграмм', 'мг'),
(36, 'Метрический карат', 'кар'),
(37, 'Грамм', 'г'),
(38, 'Килограмм', 'кг'),
(39, 'Тонна; метрическая тонна (1000 кг)', 'т'),
(40, 'Килотонна', '10^3 т'),
(41, 'Сантиграмм', 'сг'),
(42, 'Брутто-регистровая тонна (2,8316 м3)', 'БРТ'),
(43, 'Грузоподъемность в метрических тоннах', 'т грп'),
(44, 'Центнер (метрический) (100 кг)', 'ц'),
(45, 'Ватт', 'Вт'),
(46, 'Киловатт', 'кВт'),
(47, 'Мегаватт', 'МВт'),
(48, 'тысяча киловатт', '10^3 кВт'),
(49, 'Вольт', 'В'),
(50, 'Киловольт', 'кВ'),
(51, 'Киловольт-ампер', 'кВ.А'),
(52, 'Мегавольт-ампер (тысяча киловольт-ампер)', 'МВ.А'),
(53, 'Киловар', 'квар'),
(54, 'Ватт-час', 'Вт.ч'),
(55, 'Киловатт-час', 'кВт.ч'),
(56, 'Мегаватт-час', 'МВт.ч'),
(57, '1000 киловатт-часов', '10^3 кВт.ч'),
(58, 'Гигаватт-час (миллион киловатт-часов)', 'ГВт.ч'),
(59, 'Ампер', 'А'),
(60, 'Ампер-час (3,6 кКл)', 'А.ч'),
(61, 'Тысяча ампер-часов', '10^3 А.ч'),
(62, 'Кулон', 'Кл'),
(63, 'Джоуль', 'Дж'),
(64, 'Килоджоуль', 'кДж'),
(65, 'Ом', 'Ом'),
(66, 'Градус Цельсия', 'град. C'),
(67, 'Градус Фаренгейта', 'град. F'),
(68, 'Кандела', 'кд'),
(69, 'Люкс', 'лк'),
(70, 'Люмен', 'лм'),
(71, 'Кельвин', 'K'),
(72, 'Ньютон', 'Н'),
(73, 'Герц', 'Гц'),
(74, 'Килогерц', 'кГц'),
(75, 'Мегагерц', 'МГц'),
(76, 'Паскаль', 'Па'),
(77, 'Сименс', 'См'),
(78, 'Килопаскаль', 'кПа'),
(79, 'Мегапаскаль', 'МПа'),
(80, 'Физическая атмосфера (101325 Па)', 'атм'),
(81, 'Техническая атмосфера (98066,5 Па)', 'ат'),
(82, 'Гигабеккерель', 'ГБк'),
(83, 'Милликюри', 'мКи'),
(84, 'Кюри', 'Ки'),
(85, 'Грамм делящихся изотопов', 'г Д/И'),
(86, 'Миллибар', 'мб'),
(87, 'Бар', 'бар'),
(88, 'Гектобар', 'гб'),
(89, 'Килобар', 'кб'),
(90, 'Фарад', 'Ф'),
(91, 'Килограмм на кубический метр', 'кг/м3'),
(92, 'Беккерель', 'Бк'),
(93, 'Вебер', 'Вб'),
(94, 'Узел (миля/ч)', 'уз'),
(95, 'Метр в секунду', 'м/с'),
(96, 'Оборот в секунду', 'об/с'),
(97, 'Оборот в минуту', 'об/мин'),
(98, 'Километр в час', 'км/ч'),
(99, 'Метр на секунду в квадрате', 'м/с2'),
(100, 'Кулон на килограмм', 'Кл/кг'),
(101, 'Секунда', 'с'),
(102, 'Минута', 'мин'),
(103, 'Час', 'ч'),
(104, 'Сутки', 'сут; дн'),
(105, 'Неделя', 'нед'),
(106, 'Декада', 'дек'),
(107, 'Месяц', 'мес'),
(108, 'Квартал', 'кварт'),
(109, 'Полугодие', 'полгода'),
(110, 'Год', 'г'),
(111, 'Десятилетие', 'деслет'),
(112, 'Гектар в час', 'Га/ч'),
(113, 'литров в моточас', 'л/моточас'),
(114, 'лошадиная сила', 'л.с.');

-- --------------------------------------------------------

--
-- Table structure for table `users`
--

CREATE TABLE `users` (
  `id_user` int(11) NOT NULL,
  `surname` varchar(15) NOT NULL,
  `name` varchar(15) NOT NULL,
  `patronymic` varchar(15) DEFAULT NULL,
  `id_sex` int(11) NOT NULL,
  `date_of_birth` date NOT NULL,
  `passport_series` int(4) NOT NULL,
  `passport_ID` int(6) NOT NULL,
  `e_mail` varchar(50) NOT NULL,
  `phone_number` varchar(19) NOT NULL,
  `address` varchar(150) NOT NULL,
  `id_role` int(11) NOT NULL,
  `log` varchar(150) NOT NULL,
  `pass` varchar(150) NOT NULL,
  `photo_path` varchar(50) DEFAULT NULL
) ENGINE=InnoDB DEFAULT CHARSET=utf8;

--
-- Dumping data for table `users`
--

INSERT INTO `users` (`id_user`, `surname`, `name`, `patronymic`, `id_sex`, `date_of_birth`, `passport_series`, `passport_ID`, `e_mail`, `phone_number`, `address`, `id_role`, `log`, `pass`, `photo_path`) VALUES
(1, 'Иванов', 'Иван', 'Иванович', 1, '1985-04-14', 4415, 265373, 'ivanov@agro.com', '+7(925) 087-24-11', 'г. Москва, ул. Николая Толстого д.3 к.1 кв. 21', 1, 'ivanov', '00000', ''),
(2, 'Сидоров', 'Николай', 'Петрович', 1, '1970-05-14', 4415, 265322, 'sidor@yandex.ru', '+7(925) 087-22-15', 'г. Москва, ул. Моховая 3-2-10', 2, 'sidorchik', '00000', NULL);

-- --------------------------------------------------------

--
-- Table structure for table `vehicles`
--

CREATE TABLE `vehicles` (
  `id_vehicle` int(11) NOT NULL,
  `id_category` int(11) DEFAULT NULL,
  `id_model` int(11) DEFAULT NULL,
  `id_manufacturer` int(11) DEFAULT NULL,
  `id_country` int(11) DEFAULT NULL,
  `id_color` int(11) DEFAULT NULL,
  `id_salon` int(11) NOT NULL,
  `id_stock_status` int(11) NOT NULL,
  `VIN` varchar(17) NOT NULL,
  `description` varchar(1024) DEFAULT NULL,
  `price` double DEFAULT NULL
) ENGINE=InnoDB DEFAULT CHARSET=utf8;

--
-- Dumping data for table `vehicles`
--

INSERT INTO `vehicles` (`id_vehicle`, `id_category`, `id_model`, `id_manufacturer`, `id_country`, `id_color`, `id_salon`, `id_stock_status`, `VIN`, `description`, `price`) VALUES
(1, 1, 1, 1, 18, 110, 1, 1, '1KLBN52TWXM186109', 'Минитрактор Catmann MT-350 используется для обработки земельных участков площадью от 0,5 гектара. Техника легко справится с разными фермерскими проблемами, и рассчитана именно на использования в сельском хозяйстве, хотя этим область ее применения не ограничена. Высокая функциональность объясняется открывающимися возможностями из-за подсоединения различного навесного оборудования, а также ряда особенностей этой техники.', 433000),
(2, 1, 2, 1, 18, 109, 1, 1, '1KLBN52TWXM186108', 'Важной особенностью является подсоединение всевозможного навесного оборудования. Это могут быть плуг, борона, повчофреза, окучник, сеялка, копалка и другая техника для обработки почвы. Но этим не ограничено. Можно навесить фронтальный погрузчик, ковш, бур, грабли, отвал ряд другого оборудования. То есть можно пробурить скважину, произвести погрузочно-разгрузочные и иные работы, очистить территорию от мусора, снега и т.д.\r\n\r\nМногие модели этого класса не предназначены для передвижения по дорогам общего пользования, но только не минитрактор MT-350. Его оснастили всеми необходимыми для этого элементами, такими как зеркала, фары, стоп-сигналы, поворотники т.п. Нужно просто подсоединить специальную тележку или прицеп, и вы сможете перевозить различные грузы и не только урожай с полей. Все это говорит в пользу такой техники.', 500000),
(3, 1, 3, 1, 18, 110, 1, 1, '1KLBN52TWXM186107', 'Минитрактор Catmann MT-242 4x2WD используется в основном для выполнения сельскохозяйственных работ небольшого масштаба. Также его можно успешно использовать для коммунальных работ. Это может быть уборка мусора на небольшой территории и аналогичные процедуры.', 250000),
(4, 1, 4, 1, 18, 110, 2, 1, '1KLBN52TWXM186106', 'Если интересует маломощная, но эффективная, многофункциональная сельскохозяйственная техника, то обратите внимание на минитрактор Catmann MT-242 ECO-Line. Белорусский производитель проектировал модель для работы на участках средней площади, но за счет повышенной маневренности и компактных размеров ее можно использовать и на малых площадях. Причем выполнять можно не только обработку почвы, но и ряд других работ.', 243000),
(6, 1, 5, 1, 18, 110, 2, 1, '1KLBN52TWXM186105', 'Представляем вашему вниманию новинку от белорусского производителя. Минитрактор Catmann XD-65.4 – это уникальное сочетание доступности, надежности, высокой мощности и недостижимой для многих конкурентов функциональности. Эта машина обладает обширной областью применения и множеством преимуществ, что мы и рассмотрим более подробно ниже.', 664000),
(8, 1, 6, 1, 18, 110, 2, 1, '1KLBN52TWXM186104', 'Представляем вашему вниманию минитрактор CATMANN T-18 ECO-Line от известного белорусского производителя. Это самая доступная техника в своем классе одноцилиндровых моделей мощностью 18 л.с. Двигатель будет работать в любых климатических условиях, а капитальный ремонт понадобится не ранее, чем через 4000 рабочих часов. Повышенная ремонтопригодность позволяет произвести большинство операций самостоятельно.', 195000);

-- --------------------------------------------------------

--
-- Table structure for table `vehicles_photo`
--

CREATE TABLE `vehicles_photo` (
  `id_vehicle` int(11) NOT NULL,
  `path` varchar(50) NOT NULL
) ENGINE=InnoDB DEFAULT CHARSET=utf8;

-- --------------------------------------------------------

--
-- Table structure for table `vehicle_attributes`
--

CREATE TABLE `vehicle_attributes` (
  `id_vehicle` int(11) NOT NULL,
  `id_attribute` int(11) NOT NULL,
  `value` varchar(50) NOT NULL,
  `id_unit` int(11) DEFAULT NULL
) ENGINE=InnoDB DEFAULT CHARSET=utf8;

--
-- Dumping data for table `vehicle_attributes`
--

INSERT INTO `vehicle_attributes` (`id_vehicle`, `id_attribute`, `value`, `id_unit`) VALUES
(1, 1, 'KUBOTA', NULL),
(1, 2, '9,5 х 20', 4),
(1, 3, '1170', 38),
(1, 4, 'Дизельный, 3 цилиндра', NULL),
(1, 5, 'Сухое дисковое', NULL),
(1, 8, 'нет', NULL),
(1, 9, '2500х1200х1950', 1),
(1, 20, '35', 114),
(1, 21, '350', 1),
(1, 23, '4х2', NULL),
(1, 24, 'Барабанный', NULL),
(1, 26, 'есть', NULL),
(1, 28, 'нет', NULL),
(1, 37, '1170', 38),
(1, 41, '20', 24),
(1, 44, '3', 110),
(1, 45, 'YTO', NULL),
(1, 47, '25', 2),
(1, 66, '350', 1),
(1, 67, '3.1', 113),
(1, 68, '8 (6 вперед, 2 назад)', NULL),
(1, 74, 'Электростартер', NULL),
(1, 75, '6x14 и 9,5x20', NULL),
(1, 76, '37', 98),
(1, 77, 'Прямой', NULL),
(1, 78, 'Вал отбора мощности', NULL),
(1, 79, 'да', NULL),
(1, 80, '1715', 22),
(2, 1, 'KUBOTA', NULL),
(2, 2, '9.5 х 20', 4),
(2, 3, '1210', 38),
(2, 4, 'Дизельный, 3 цилиндра', NULL),
(2, 5, 'Сухое дисковое', NULL),
(2, 6, 'Фары, габаритные огни', NULL),
(2, 8, 'Есть', NULL),
(2, 9, '2500х1200х1950', 1),
(2, 20, '32', 114),
(2, 21, '350', 1),
(2, 22, '6 х 14', 4),
(2, 23, '4х4', NULL),
(2, 24, 'Барабанный', NULL),
(2, 26, 'есть', NULL),
(2, 28, 'нет', NULL),
(2, 37, '1210', 38),
(2, 41, '20', 24),
(2, 44, '3', 110),
(2, 45, 'YTO', NULL),
(2, 47, '25', 2),
(2, 66, '350', 1),
(2, 67, '3.1', 113),
(2, 68, '8 (6 вперед, 2 назад)', NULL),
(2, 70, 'до 1600', 1),
(2, 71, '540', 97),
(2, 74, 'Электростартер', NULL),
(2, 76, '37', 98),
(2, 77, 'Прямой', NULL),
(2, 78, 'Вал отбора мощности', NULL),
(2, 79, 'Да', NULL),
(2, 80, '1532', 22);

--
-- Indexes for dumped tables
--

--
-- Indexes for table `attribute_list`
--
ALTER TABLE `attribute_list`
  ADD PRIMARY KEY (`id_attribute`),
  ADD UNIQUE KEY `attribute_name` (`attribute_name`);

--
-- Indexes for table `categories`
--
ALTER TABLE `categories`
  ADD PRIMARY KEY (`id_category`),
  ADD UNIQUE KEY `category_name` (`category_name`);

--
-- Indexes for table `colors`
--
ALTER TABLE `colors`
  ADD PRIMARY KEY (`id_color`),
  ADD UNIQUE KEY `color_name` (`color_name`),
  ADD UNIQUE KEY `color_code` (`color_code`);

--
-- Indexes for table `countries`
--
ALTER TABLE `countries`
  ADD PRIMARY KEY (`id_country`),
  ADD UNIQUE KEY `country_name` (`country_name`);

--
-- Indexes for table `delivery_methods`
--
ALTER TABLE `delivery_methods`
  ADD PRIMARY KEY (`id_delivery_method`),
  ADD UNIQUE KEY `delivery_method_name` (`delivery_method_name`);

--
-- Indexes for table `goods_in_basket_order`
--
ALTER TABLE `goods_in_basket_order`
  ADD PRIMARY KEY (`id_order`,`id_vehicle`),
  ADD KEY `id_vehicle` (`id_vehicle`);

--
-- Indexes for table `manufacturer`
--
ALTER TABLE `manufacturer`
  ADD PRIMARY KEY (`id_manufacturer`),
  ADD UNIQUE KEY `manufacturer_name` (`manufacturer_name`);

--
-- Indexes for table `marks`
--
ALTER TABLE `marks`
  ADD PRIMARY KEY (`id_mark`),
  ADD UNIQUE KEY `mark_name` (`mark_name`);

--
-- Indexes for table `models`
--
ALTER TABLE `models`
  ADD PRIMARY KEY (`id_model`),
  ADD KEY `id_mark` (`id_mark`);

--
-- Indexes for table `orders`
--
ALTER TABLE `orders`
  ADD PRIMARY KEY (`id_order`),
  ADD KEY `id_client` (`id_client`),
  ADD KEY `id_staff` (`id_staff`),
  ADD KEY `id_status` (`id_status`),
  ADD KEY `id_payment_method` (`id_payment_method`),
  ADD KEY `id_delivery_method` (`id_delivery_method`);

--
-- Indexes for table `order_statuses`
--
ALTER TABLE `order_statuses`
  ADD PRIMARY KEY (`id_status`),
  ADD UNIQUE KEY `status_name` (`status_name`);

--
-- Indexes for table `payment_methods`
--
ALTER TABLE `payment_methods`
  ADD PRIMARY KEY (`id_payment_method`),
  ADD UNIQUE KEY `payment_method_name` (`payment_method_name`);

--
-- Indexes for table `role_list`
--
ALTER TABLE `role_list`
  ADD PRIMARY KEY (`id_role`),
  ADD UNIQUE KEY `role_name` (`role_name`);

--
-- Indexes for table `salons`
--
ALTER TABLE `salons`
  ADD PRIMARY KEY (`id_salon`);

--
-- Indexes for table `sex_list`
--
ALTER TABLE `sex_list`
  ADD PRIMARY KEY (`id_sex`),
  ADD UNIQUE KEY `sex_name` (`sex_name`);

--
-- Indexes for table `stock_status`
--
ALTER TABLE `stock_status`
  ADD PRIMARY KEY (`id_stock_status`),
  ADD UNIQUE KEY `stock_status_value` (`stock_status_value`);

--
-- Indexes for table `units`
--
ALTER TABLE `units`
  ADD PRIMARY KEY (`id_unit`),
  ADD UNIQUE KEY `unit_name` (`unit_name`);

--
-- Indexes for table `users`
--
ALTER TABLE `users`
  ADD PRIMARY KEY (`id_user`),
  ADD KEY `id_sex` (`id_sex`),
  ADD KEY `id_role` (`id_role`);

--
-- Indexes for table `vehicles`
--
ALTER TABLE `vehicles`
  ADD PRIMARY KEY (`id_vehicle`),
  ADD UNIQUE KEY `VIN` (`VIN`),
  ADD KEY `id_category` (`id_category`),
  ADD KEY `id_model` (`id_model`),
  ADD KEY `id_manufacturer` (`id_manufacturer`),
  ADD KEY `id_country` (`id_country`),
  ADD KEY `id_color` (`id_color`),
  ADD KEY `id_salon` (`id_salon`),
  ADD KEY `id_stock_status` (`id_stock_status`);

--
-- Indexes for table `vehicles_photo`
--
ALTER TABLE `vehicles_photo`
  ADD KEY `id_vehicle` (`id_vehicle`);

--
-- Indexes for table `vehicle_attributes`
--
ALTER TABLE `vehicle_attributes`
  ADD PRIMARY KEY (`id_vehicle`,`id_attribute`),
  ADD KEY `id_attribute` (`id_attribute`),
  ADD KEY `id_unit` (`id_unit`);

--
-- AUTO_INCREMENT for dumped tables
--

--
-- AUTO_INCREMENT for table `attribute_list`
--
ALTER TABLE `attribute_list`
  MODIFY `id_attribute` int(11) NOT NULL AUTO_INCREMENT, AUTO_INCREMENT=82;

--
-- AUTO_INCREMENT for table `categories`
--
ALTER TABLE `categories`
  MODIFY `id_category` int(11) NOT NULL AUTO_INCREMENT, AUTO_INCREMENT=5;

--
-- AUTO_INCREMENT for table `colors`
--
ALTER TABLE `colors`
  MODIFY `id_color` int(11) NOT NULL AUTO_INCREMENT, AUTO_INCREMENT=1018;

--
-- AUTO_INCREMENT for table `countries`
--
ALTER TABLE `countries`
  MODIFY `id_country` int(11) NOT NULL AUTO_INCREMENT, AUTO_INCREMENT=259;

--
-- AUTO_INCREMENT for table `delivery_methods`
--
ALTER TABLE `delivery_methods`
  MODIFY `id_delivery_method` int(11) NOT NULL AUTO_INCREMENT, AUTO_INCREMENT=3;

--
-- AUTO_INCREMENT for table `manufacturer`
--
ALTER TABLE `manufacturer`
  MODIFY `id_manufacturer` int(11) NOT NULL AUTO_INCREMENT, AUTO_INCREMENT=33;

--
-- AUTO_INCREMENT for table `marks`
--
ALTER TABLE `marks`
  MODIFY `id_mark` int(11) NOT NULL AUTO_INCREMENT, AUTO_INCREMENT=32;

--
-- AUTO_INCREMENT for table `models`
--
ALTER TABLE `models`
  MODIFY `id_model` int(11) NOT NULL AUTO_INCREMENT, AUTO_INCREMENT=12;

--
-- AUTO_INCREMENT for table `orders`
--
ALTER TABLE `orders`
  MODIFY `id_order` int(11) NOT NULL AUTO_INCREMENT, AUTO_INCREMENT=3;

--
-- AUTO_INCREMENT for table `order_statuses`
--
ALTER TABLE `order_statuses`
  MODIFY `id_status` int(11) NOT NULL AUTO_INCREMENT, AUTO_INCREMENT=6;

--
-- AUTO_INCREMENT for table `payment_methods`
--
ALTER TABLE `payment_methods`
  MODIFY `id_payment_method` int(11) NOT NULL AUTO_INCREMENT, AUTO_INCREMENT=7;

--
-- AUTO_INCREMENT for table `role_list`
--
ALTER TABLE `role_list`
  MODIFY `id_role` int(11) NOT NULL AUTO_INCREMENT, AUTO_INCREMENT=3;

--
-- AUTO_INCREMENT for table `salons`
--
ALTER TABLE `salons`
  MODIFY `id_salon` int(11) NOT NULL AUTO_INCREMENT, AUTO_INCREMENT=3;

--
-- AUTO_INCREMENT for table `sex_list`
--
ALTER TABLE `sex_list`
  MODIFY `id_sex` int(11) NOT NULL AUTO_INCREMENT, AUTO_INCREMENT=3;

--
-- AUTO_INCREMENT for table `stock_status`
--
ALTER TABLE `stock_status`
  MODIFY `id_stock_status` int(11) NOT NULL AUTO_INCREMENT, AUTO_INCREMENT=3;

--
-- AUTO_INCREMENT for table `units`
--
ALTER TABLE `units`
  MODIFY `id_unit` int(11) NOT NULL AUTO_INCREMENT, AUTO_INCREMENT=115;

--
-- AUTO_INCREMENT for table `users`
--
ALTER TABLE `users`
  MODIFY `id_user` int(11) NOT NULL AUTO_INCREMENT, AUTO_INCREMENT=3;

--
-- AUTO_INCREMENT for table `vehicles`
--
ALTER TABLE `vehicles`
  MODIFY `id_vehicle` int(11) NOT NULL AUTO_INCREMENT, AUTO_INCREMENT=9;

--
-- Constraints for dumped tables
--

--
-- Constraints for table `goods_in_basket_order`
--
ALTER TABLE `goods_in_basket_order`
  ADD CONSTRAINT `goods_in_basket_order_ibfk_1` FOREIGN KEY (`id_order`) REFERENCES `orders` (`id_order`) ON DELETE CASCADE ON UPDATE CASCADE,
  ADD CONSTRAINT `goods_in_basket_order_ibfk_2` FOREIGN KEY (`id_vehicle`) REFERENCES `vehicles` (`id_vehicle`) ON DELETE CASCADE ON UPDATE CASCADE;

--
-- Constraints for table `models`
--
ALTER TABLE `models`
  ADD CONSTRAINT `models_ibfk_1` FOREIGN KEY (`id_mark`) REFERENCES `marks` (`id_mark`) ON DELETE CASCADE ON UPDATE CASCADE;

--
-- Constraints for table `orders`
--
ALTER TABLE `orders`
  ADD CONSTRAINT `orders_ibfk_1` FOREIGN KEY (`id_client`) REFERENCES `users` (`id_user`) ON DELETE CASCADE ON UPDATE CASCADE,
  ADD CONSTRAINT `orders_ibfk_2` FOREIGN KEY (`id_staff`) REFERENCES `users` (`id_user`) ON DELETE CASCADE ON UPDATE CASCADE,
  ADD CONSTRAINT `orders_ibfk_3` FOREIGN KEY (`id_status`) REFERENCES `order_statuses` (`id_status`) ON DELETE CASCADE ON UPDATE CASCADE,
  ADD CONSTRAINT `orders_ibfk_4` FOREIGN KEY (`id_payment_method`) REFERENCES `payment_methods` (`id_payment_method`) ON DELETE CASCADE ON UPDATE CASCADE,
  ADD CONSTRAINT `orders_ibfk_5` FOREIGN KEY (`id_delivery_method`) REFERENCES `delivery_methods` (`id_delivery_method`) ON DELETE CASCADE ON UPDATE CASCADE;

--
-- Constraints for table `users`
--
ALTER TABLE `users`
  ADD CONSTRAINT `users_ibfk_1` FOREIGN KEY (`id_sex`) REFERENCES `sex_list` (`id_sex`) ON DELETE CASCADE ON UPDATE CASCADE,
  ADD CONSTRAINT `users_ibfk_2` FOREIGN KEY (`id_role`) REFERENCES `role_list` (`id_role`) ON DELETE CASCADE ON UPDATE CASCADE;

--
-- Constraints for table `vehicles`
--
ALTER TABLE `vehicles`
  ADD CONSTRAINT `vehicles_ibfk_2` FOREIGN KEY (`id_category`) REFERENCES `categories` (`id_category`) ON DELETE CASCADE ON UPDATE CASCADE,
  ADD CONSTRAINT `vehicles_ibfk_3` FOREIGN KEY (`id_model`) REFERENCES `models` (`id_model`) ON DELETE CASCADE ON UPDATE CASCADE,
  ADD CONSTRAINT `vehicles_ibfk_4` FOREIGN KEY (`id_manufacturer`) REFERENCES `manufacturer` (`id_manufacturer`) ON DELETE CASCADE ON UPDATE CASCADE,
  ADD CONSTRAINT `vehicles_ibfk_5` FOREIGN KEY (`id_country`) REFERENCES `countries` (`id_country`) ON DELETE CASCADE ON UPDATE CASCADE,
  ADD CONSTRAINT `vehicles_ibfk_6` FOREIGN KEY (`id_color`) REFERENCES `colors` (`id_color`) ON DELETE CASCADE ON UPDATE CASCADE,
  ADD CONSTRAINT `vehicles_ibfk_7` FOREIGN KEY (`id_salon`) REFERENCES `salons` (`id_salon`) ON DELETE CASCADE ON UPDATE CASCADE,
  ADD CONSTRAINT `vehicles_ibfk_8` FOREIGN KEY (`id_stock_status`) REFERENCES `stock_status` (`id_stock_status`) ON DELETE CASCADE ON UPDATE CASCADE;

--
-- Constraints for table `vehicles_photo`
--
ALTER TABLE `vehicles_photo`
  ADD CONSTRAINT `vehicles_photo_ibfk_1` FOREIGN KEY (`id_vehicle`) REFERENCES `vehicles` (`id_vehicle`) ON DELETE CASCADE ON UPDATE CASCADE;

--
-- Constraints for table `vehicle_attributes`
--
ALTER TABLE `vehicle_attributes`
  ADD CONSTRAINT `vehicle_attributes_ibfk_1` FOREIGN KEY (`id_attribute`) REFERENCES `attribute_list` (`id_attribute`) ON DELETE CASCADE ON UPDATE CASCADE,
  ADD CONSTRAINT `vehicle_attributes_ibfk_2` FOREIGN KEY (`id_unit`) REFERENCES `units` (`id_unit`) ON DELETE CASCADE ON UPDATE CASCADE,
  ADD CONSTRAINT `vehicle_attributes_ibfk_3` FOREIGN KEY (`id_vehicle`) REFERENCES `vehicles` (`id_vehicle`) ON DELETE CASCADE ON UPDATE CASCADE;
COMMIT;

/*!40101 SET CHARACTER_SET_CLIENT=@OLD_CHARACTER_SET_CLIENT */;
/*!40101 SET CHARACTER_SET_RESULTS=@OLD_CHARACTER_SET_RESULTS */;
/*!40101 SET COLLATION_CONNECTION=@OLD_COLLATION_CONNECTION */;
